CustomerID,ab_group
3668-QPYBK,A
9237-HQITU,A
9305-CDSKC,A
7892-POOKP,B
0280-XJGEX,A
4190-MFLUW,B
8779-QRDMV,B
1066-JKSGK,B
6467-CHFZW,B
8665-UTDHZ,B
8773-HHUOZ,B
6047-YHPVI,A
5380-WJKOV,A
8168-UQWWF,B
7760-OYPDY,A
9420-LOJKX,A
7495-OOKFY,B
1658-BYGOY,A
5698-BQJOH,B
5919-TMRGD,B
9191-MYQKX,A
8637-XJIVR,A
0278-YXOOG,B
4598-XLKNJ,B
3192-NQECA,A
0486-HECZI,A
4846-WHAFZ,B
5299-RULOA,A
0404-SWRVG,A
4412-YLTKF,B
6207-WIOLX,B
3091-FYHKI,A
2372-HWUHI,A
0390-DCFDQ,B
4080-OGPJL,B
2135-RXIHG,A
3874-EQOEP,A
0867-MKZVY,B
3376-BMGFE,A
3445-HXXGF,B
1875-QIVME,A
0691-JVSYA,B
2656-FMOKZ,A
2070-FNEXE,A
6317-YPKDH,A
9367-WXLCH,A
1918-ZBFQJ,B
1024-GUALD,A
2472-OVKUP,A
1285-OKIPP,A
7825-ECJRF,B
7841-TZDMQ,A
9408-SSNVZ,B
0742-MOABM,B
2232-DMLXU,B
8937-RDTHP,B
1251-KRREG,B
0094-OIFMO,A
9947-OTFQU,B
0322-YINQP,B
4629-NRXKX,A
9514-JDSKI,B
4959-JOSRX,B
7273-TEFQD,B
3606-TWKGI,B
6323-AYBRX,A
4385-GZQXV,A
6366-ZGQGL,B
5940-AHUHD,A
6432-TWQLB,A
4484-GLZOU,A
9512-UIBFX,B
5583-SXDAG,B
3488-PGMQJ,A
3580-REOAC,A
7534-BFESC,A
6390-DSAZX,A
8098-LLAZX,A
0265-EDXBD,A
7563-BIUPC,A
2321-OMBXY,A
2840-XANRC,B
5020-ZSTTY,A
5804-LEPIM,A
0122-OAHPZ,A
2868-SNELZ,A
4322-RCYMT,A
6680-NENYN,A
1343-EHPYB,B
2034-GDRCN,A
0219-YTZUE,B
0623-IIHUG,B
4572-DVCGN,A
9057-MSWCO,A
1010-DIAUQ,A
0259-GBZSH,A
9601-BRXPO,B
6905-NIQIN,B
5167-ZFFMM,A
4895-TMWIR,A
0533-BNWKF,B
6599-CEBNN,A
0979-PHULV,B
4800-VHZKI,B
7989-CHGTL,A
0334-GDDSO,B
0578-SKVMF,A
5564-NEMQO,A
9063-ZGTUY,A
2957-LOLHO,B
7752-XUSCI,A
4110-PFEUZ,B
0256-LTHVJ,A
0880-TKATG,A
3811-VBYBZ,A
4640-UHDOS,B
3583-EKAPL,A
9399-APLBT,B
2359-KMGLI,A
0306-JAELE,A
6227-HWPWX,B
0447-BEMNG,A
5949-XIKAE,B
8372-JUXUI,B
0388-EOPEX,A
8205-OTCHB,A
6235-VDHOM,B
7783-YKGDV,B
5609-CEBID,A
7218-HKQFK,A
4636-QRJKY,B
5956-VKDTT,A
9412-GHEEC,B
0257-ZESQC,B
6825-UYPFK,A
8397-MVTAZ,B
9282-IZGQK,A
1342-JPNKI,A
2817-NTQDO,B
6986-IJDHX,B
5301-GAUUY,B
0939-YAPAF,B
4710-FDUIZ,A
1218-VKFPE,A
3627-FHKBK,A
2865-TCHJW,A
5192-EBGOV,A
0719-SYFRB,B
3419-SNJJD,A
6543-CPZMK,B
4765-OXPPD,A
1009-IRMNA,A
4554-YGZIH,B
5099-BAILX,A
7207-RMRDB,B
4913-EHYUI,A
0195-IESCP,B
4580-TMHJU,A
0970-ETWGE,A
1626-ERCMM,B
0887-HJGAR,A
5644-PDMZC,B
9576-ANLXO,B
2024-BASKD,A
4160-AMJTL,B
4464-JCOLN,A
5650-VDUDS,B
7538-GWHML,B
3859-CVCET,B
3276-HDUEG,A
0823-HSCDJ,B
0822-GAVAP,A
1448-PWKYE,B
0067-DKWBL,A
2276-YDAVZ,A
5896-NPFWW,A
7133-VBDCG,A
1029-QFBEN,B
4952-YSOGZ,B
1589-AGTLK,A
5244-IRFIH,A
2684-EIWEO,B
6439-GTPCA,A
5138-WVKYJ,B
6683-VLCTZ,B
2189-WWOEW,B
1894-IGFSG,A
7379-POKDZ,A
0236-HFWSV,A
3900-AQPHZ,A
5842-POCOP,A
2037-XJFUP,B
7314-OXENN,A
0322-CHQRU,A
4678-DVQEO,B
0691-IFBQW,A
3009-JWMPU,A
1450-GALXR,B
3138-BKYAV,A
4289-DTDKW,B
1820-TQVEV,A
2239-JALAW,A
4853-RULSV,A
6275-YDUVO,A
0115-TFERT,B
2311-QYMUQ,A
3643-AHCFP,B
3104-OWCGK,B
9101-BWFSS,A
9231-ZJYAM,A
6982-SSHFK,A
0727-BMPLR,B
1038-ZAGBI,B
3027-ZTDHO,B
2382-BCKQJ,B
2207-NHRJK,B
0947-MUGVO,B
9944-HKVVB,A
4124-MMETB,B
3671-SHRSP,B
3313-QKNKB,B
5073-WXOYN,B
0207-MDKNV,B
9851-KIELU,B
3908-BLSYF,B
7549-MYGPK,A
3804-RVTGV,B
9227-LUNBG,B
4315-MURBD,B
9734-YWGEX,B
2719-BDAQO,B
0781-LKXBR,B
1907-UBQFC,B
6513-EECDB,A
7074-IEVOJ,A
9625-QSTYE,B
4750-ZRXIU,A
6400-BWQKW,B
6680-WKXRZ,A
7028-DVOIQ,A
4208-UFFGW,B
9448-REEVD,B
9117-SHLZX,B
9889-TMAHG,A
4541-RMRLG,A
3158-MOERK,B
7294-TMAOP,B
8919-FYFQZ,B
2834-JRTUA,B
5875-YPQFJ,A
6646-QVXLR,B
8603-IJWDN,A
9369-XFEHK,B
3842-IYKUE,A
6641-XRPSU,B
1374-DMZUI,B
8357-EQXFO,B
1989-PRJHP,B
9524-EGPJC,A
6993-OHLXR,B
8818-XYFCQ,B
4695-VADHF,A
3863-IUBJR,A
4822-RVYBB,A
8436-BJUMM,B
4184-TJFAN,A
4145-UQXUQ,A
9948-YPTDG,A
1236-WFCDV,A
4883-QICIH,B
8329-IBCTI,A
1271-SJBGZ,B
5669-SRAIP,B
5981-ITEMU,B
6941-PMGEP,A
1624-WOIWJ,A
2074-GKOWZ,A
0376-YMCJC,A
0634-SZPQA,B
5536-RTPWK,A
6166-ILMNY,B
3097-NNSPB,A
0655-RBDUG,A
4361-BKAXE,B
9878-TNQGW,A
4441-NIHPT,B
8999-BOHSE,B
7029-RPUAV,B
4607-CHPCA,A
8824-RWFXJ,B
9763-PDTKK,B
7627-JKIAZ,A
4081-DYXAV,B
8111-SLLHI,A
0927-LCSMG,A
8257-RZAHR,B
5293-WXJAK,A
0841-NULXI,A
7851-WZEKY,B
8844-TONUD,B
4086-YQSNZ,B
5868-CZJDR,A
0135-NMXAP,A
6270-OMFIW,A
0107-WESLM,B
3992-YWPKO,B
0125-LZQXK,B
8399-YNDCH,A
5673-FSSMF,A
1579-KLYDT,B
3927-NLNRY,B
6358-LYNGM,B
5494-HECPR,A
9824-BEMCV,A
1373-ORVIZ,B
9866-QEVEE,B
9897-KXHCM,A
7979-CORPM,B
1618-CFHME,B
3165-HDOEW,A
6581-NQCBA,B
1689-MRZQR,B
5835-BEQEU,A
5565-FILXA,A
5552-ZNFSJ,B
2223-KAGMX,B
7321-PKUYW,A
2833-SLKDQ,A
7595-EUIVN,A
2026-TGDHM,B
4030-VPZBD,B
4187-CINZD,A
6818-WOBHJ,A
2408-TZMJL,A
9134-CEQMF,B
7993-PYKOF,A
5027-XWQHA,B
4566-QVRRW,B
8519-IMDHU,B
0201-OAMXR,A
3372-KWFBM,B
7831-QGOXH,B
6393-WRYZE,B
6599-RCLCJ,B
9831-BPFRI,B
1725-MIMXW,B
0031-PVLZI,B
7206-GZCDC,A
4791-QRGMF,A
1768-ZAIFU,B
4671-LXRDQ,A
1934-SJVJK,B
3838-OZURD,A
9269-CQOOL,A
2845-HSJCY,A
1184-PJVDB,A
9415-DPEWS,A
7943-RQCHR,B
3793-MMFUH,B
3249-ZPQRG,A
2568-BRGYX,A
7721-JXEAW,B
7249-WBIYX,A
6567-HOOPW,B
3164-AALRN,A
3334-CTHOL,A
4704-ERYFC,A
8621-MNIHH,A
0471-LVHGK,B
9518-RWHZL,A
5419-CONWX,A
6240-EURKS,A
6960-HVYXR,A
7024-OHCCK,B
7861-UVUFT,A
5357-TZHPP,A
0680-DFNNY,B
7767-UXAGJ,B
1571-SAVHK,B
9546-CQJSU,A
0506-LVNGN,A
2951-QOQTK,B
3473-XIIIT,A
7893-IXHRQ,B
2952-QAYZF,A
4763-PGDPO,B
5394-SVGJV,B
9283-LZQOH,A
7079-QRCBC,B
5469-CTCWN,A
9851-QXEEQ,B
9809-IMGCQ,A
5208-HFSBT,A
3254-YRILK,B
2667-WYLWJ,A
0529-ONKER,B
5240-IJOQT,A
1092-GANHU,A
0661-XEYAN,B
7881-EVUAD,A
5766-XQXMQ,B
3703-VAVCL,A
8519-QJGJD,B
6326-MTTXK,B
0330-IVZHA,B
2886-KEFUM,B
4237-RLAQD,B
9651-GTSAQ,B
3186-BAXNB,A
0637-YLETY,A
1157-BQCUW,A
2660-EMUBI,B
7675-OZCZG,A
2003-CKLOR,B
9254-RBFON,A
1205-WNWPJ,B
9391-EOYLI,A
8387-MOJJT,B
2761-OCIAX,A
3068-OMWZA,A
6032-KRXXO,A
7459-RRWQZ,B
4154-AQUGT,B
3092-IGHWF,A
8017-LXHFA,A
6352-TWCAU,B
2929-QNSRW,A
1262-OPMFY,B
4248-QPAVC,B
1899-VXWXM,B
4690-LLKUA,A
3331-HQDTW,B
9490-DFPMD,B
5442-XSDCW,B
3049-NDXFL,B
8580-AECUZ,B
7963-GQRMY,A
1228-FZFRV,B
2058-DCJBE,A
5364-XYIRR,B
4829-AUOAX,A
5047-LHVLY,B
9158-VCTQB,B
6311-UEUME,B
6839-ITVZJ,B
0375-HVGXO,B
8593-WHYHV,A
6097-EQISJ,A
4423-YLHDV,A
0107-YHINA,A
8640-SDGKB,A
4116-TZAQJ,A
3877-JRJIP,A
8375-DKEBR,A
7511-YMXVQ,A
7551-JOHTI,B
9804-ICWBG,B
5318-IXUZF,B
3198-VELRD,B
9436-ZBZCT,B
7279-BUYWN,B
7156-MHUGY,A
7198-GLXTC,A
0516-VRYBW,A
8380-PEFPE,B
5687-DKDTV,A
7530-HDYDS,B
3096-IZETN,B
5922-ABDVO,B
9172-ANCRX,A
6910-HADCM,A
4816-LXZYW,A
9606-PBKBQ,B
3536-IQCTX,B
4911-BANWH,A
8496-EJAUI,A
3132-TVFDZ,A
8080-DDEMJ,A
6365-MTGZX,A
1349-WXNGG,B
6990-YNRIO,A
0621-TWIEM,A
2485-ITVKB,B
3669-OYSJI,B
1612-EOHDH,B
6702-OHFWR,A
4510-PYUSH,A
7517-SAWMO,B
4143-HHPMK,B
7054-LGEQW,B
0923-PNFUB,A
3494-JCHRQ,A
6474-FVJLC,B
8840-DQLGN,A
4547-LYTDD,B
6770-XUAGN,A
4193-ORFCL,A
7776-QWNFX,B
6689-TCZHQ,A
3143-ILDAL,A
4720-VSTSI,B
3946-MHCZW,A
6651-AZVTJ,A
4566-GOLUK,A
2484-DGXPZ,A
4587-NUKOX,A
0420-BWTPW,B
8183-ONMXC,B
9614-RMGHA,B
5054-IEXZT,A
5834-ASPWA,A
3948-XHGNA,B
0565-IYCGT,A
5445-UTODQ,B
1024-VRZHF,A
9497-QCMMS,A
0348-SDKOL,A
4373-MAVJG,A
8901-HJXTF,B
5419-KLXBN,A
3424-NMNBO,B
4514-GFCFI,A
9828-AOQLM,A
8000-REIQB,A
7615-ESMYF,A
3858-VOBET,A
1447-PJGGA,B
8565-CLBZW,A
9139-WQQDY,A
0224-HJAPT,B
8086-OVPWV,B
9430-FRQOC,B
3074-GQWYX,B
6845-RGTYS,B
8861-HGGKB,A
7065-YUNRY,B
7694-VLBWQ,B
4795-KTRTH,B
6481-OGDOO,B
3753-TSEMP,B
8305-VHZBZ,A
9172-JITSM,A
6298-QDFNH,B
9961-JBNMK,B
6173-ITPWD,B
9734-UYXQI,A
2189-UXTKY,A
4958-GZWIY,B
6356-ELRKD,B
8624-GIOUT,A
6179-GJPSO,B
3177-LASXD,B
4897-QSUYC,A
1084-UQCHV,A
8290-YWKHZ,B
2955-BJZHG,B
3806-DXQOM,A
9300-RENDD,B
0761-AETCS,B
2153-MREFK,B
3106-ULWFW,A
0925-VYDLG,A
4349-GFQHK,A
7802-EFKNY,A
8035-BUYVG,B
9787-XVQIU,B
8945-MUQUF,A
8051-HJRLT,B
3023-GFLBR,B
0524-IAVZO,B
2737-YNGYW,A
5159-YFPKQ,B
4021-RQSNY,B
9061-TIHDA,B
8699-ASUFO,B
7927-AUXBZ,B
4695-WJZUE,B
7619-ODSGN,A
3988-RQIXO,B
2514-GINMM,B
5931-FLJJF,B
2659-VXMWZ,A
3207-OYBWH,A
4285-GYRQC,B
7216-EWTRS,A
8337-MSSXB,A
8182-BJDSI,B
2528-HFYZX,B
2482-CZGBB,A
0866-QLSIR,A
7181-BQYBV,B
6204-IEUXJ,A
4529-CKBCL,B
2506-CLAKW,B
1583-IHQZE,B
0151-ONTOV,A
4140-MUHUG,B
0320-JDNQG,A
7180-PISOG,B
3571-RFHAR,B
9578-VRMNM,B
1587-FKLZB,B
6140-QNRQQ,A
4307-KTUMW,B
5440-FLBQG,A
7470-MCQTK,A
7488-MXJIV,A
2027-FECZV,B
2672-DZUOY,B
3870-MQAMG,A
4800-CZMPC,A
7377-DMMRI,B
8949-JTMAY,A
2774-LVQUS,A
3211-ILJTT,B
4612-THJBS,B
4094-NSEDU,A
5103-MHMHY,B
1846-XWOQN,B
0235-KGSLC,A
2884-GBPFB,B
3757-NJYBX,B
5136-KCKGI,B
3722-WPXTK,B
2929-ERCFZ,A
7548-SEPYI,A
8835-VSDSE,A
1623-NLDOT,B
9898-KZQDZ,A
5236-PERKL,B
7854-FOKSF,B
2519-FAKOD,A
8263-JQAIK,A
7089-IVVAZ,B
2205-YMZZJ,A
1254-IZEYF,A
9492-TOKRI,B
9221-OTIVJ,A
3325-FUYCG,B
5908-QMGOE,B
8481-YYXWG,B
2609-IAICY,B
1740-CSDJP,B
2636-OHFMN,B
1323-OOEPC,A
0397-GZBBC,B
7641-EUYET,A
9921-ZVRHG,A
4701-MLJPN,B
9206-GVPEQ,B
1596-BBVTG,A
8433-WXGNA,B
3707-GNWHM,B
8922-LIEGH,A
8245-UMPYT,A
5186-SAMNZ,A
5373-SFODM,A
5766-ZJYBB,A
8931-GJJIQ,B
4277-PVRAN,A
0022-TCJCI,B
0203-HHYIJ,B
0952-KMEEH,B
8178-EYZUO,B
5130-IEKQT,A
3230-WYKIR,A
0407-BDJKB,A
9600-UDOPK,B
4074-SJFFA,B
3269-ATYWD,B
4910-GMJOT,A
0354-WYROK,A
7576-OYWBN,A
5539-TMZLF,B
4323-SADQS,A
4446-BZKHU,A
5202-IVJNU,A
5976-JCJRH,A
0137-OCGAB,A
3351-NQLDI,A
7593-JNWRU,B
4588-YBNIB,A
3336-JORSO,A
5028-GZLDO,B
6861-XWTWQ,B
6877-TJMBR,B
6769-DCQLI,A
2433-KMEAS,B
2195-ZRVAX,A
3550-SAHFP,B
2011-TRQYE,B
4873-ILOLJ,A
2725-KXXWT,B
9565-DJPIB,A
8348-HFYIV,A
6849-WLEYG,A
4659-NZRUF,B
8429-XIBUM,A
2608-BHKFN,B
7341-LXCAF,A
9462-MJUAW,A
8128-YVJRG,A
4283-FUTGF,B
1569-TTNYJ,A
2397-BRLOM,A
4749-VFKVB,A
7598-UAASY,B
7938-OUHIO,A
8510-AWCXC,B
0431-APWVY,A
3426-NIYYL,B
8225-BTJAU,A
3387-VATUS,B
1143-NMNQJ,B
0415-MOSGF,B
1724-BQUHA,B
4826-XTSOH,A
2495-INZWQ,B
4139-SUGLD,A
6857-VWJDT,B
5624-BQSSA,B
2408-WITXK,A
5577-OTWWW,B
6100-QQHEB,B
2634-HCZGT,A
7503-QQRVF,A
2691-NZETQ,A
4404-HIBDJ,B
7295-JOMMD,B
5013-SBUIH,A
0709-TVGUR,A
6023-YEBUP,B
7209-JCUDS,B
3001-CBHLQ,B
6158-DWPZT,B
3763-GCZHZ,A
0772-GYEQQ,A
4831-EOBFE,B
4102-OQUPX,B
9170-GYZJC,A
3999-QGRJH,A
2454-RPBRZ,A
2002-MZHWP,A
2265-CYWIV,B
2004-OCQXK,B
5027-QPKTE,A
2672-HUYVI,B
7508-MYBOG,B
0148-DCDOS,B
9992-RRAMN,A
0310-MVLET,A
4550-VBOFE,B
5696-QURRL,B
7409-KIUTL,B
1732-VHUBQ,A
0495-RVCBF,B
7854-EDSSA,A
8869-TORSS,A
0679-IDSTG,B
2115-BFTIW,B
0611-DFXKO,A
7780-OTDSO,B
9747-DDZOS,A
0564-JJHGS,A
3348-CFRNX,A
1428-GTBJJ,B
8802-UNOJF,A
6313-GIDIT,B
2845-AFFTX,B
2249-YPRNG,B
7410-YTJIK,A
4626-GYCZP,B
5590-BYNII,B
3237-AJGEH,A
1591-NFNLQ,A
2815-CPTUL,A
0596-BQCEQ,B
1481-ZUWZA,A
2309-OSFEU,B
1891-FZYSA,B
7613-LLQFO,A
2640-PMGFL,B
3801-HMYNL,B
9685-WKZGT,B
6022-UGGSO,B
4484-CGXFK,A
6214-EDAKZ,B
6127-ISGTU,A
8740-XLHDR,A
1208-DNHLN,A
1761-AEZZR,A
3923-CSIHK,B
7120-RFMVS,B
7317-GGVPB,B
1322-AGOQM,B
3677-IYRBF,A
5692-FPTAH,A
1550-LOAHA,B
0268-QKIWO,A
0876-WDUUZ,A
0617-FHSGK,A
2858-MOFSQ,A
8118-LSUEL,A
7005-CCBKV,B
4250-FDVOU,B
5277-ZLOOR,B
2141-RRYGO,A
6376-GAHQE,B
5052-PNLOS,A
6979-ZNSFF,A
2386-LAHRK,A
6032-IGALN,A
4248-HCETZ,A
0516-WJVXC,B
9174-FKWZE,A
8809-RIHDD,A
4822-NGOCH,A
5307-DZCVC,B
8679-JOEVF,B
1432-FPAXX,A
4803-AXVYP,B
3884-HCSWG,B
5077-DXTCG,A
1142-WACZW,B
5649-ANRML,A
4892-VLANZ,B
2919-HBCJO,A
4236-XPXAV,B
3030-YZADT,B
7410-KTVFV,A
8393-DLHGA,B
7395-IGJOS,A
2834-SPCJV,A
7890-VYYWG,B
9907-SWKKF,A
0587-DMGBH,A
6397-JNZZG,A
3523-QRQLL,A
0895-DQHEW,B
8149-RSOUN,A
7250-EQKIY,B
4013-UBXWQ,A
5519-NPHVG,B
8849-GYOKR,B
3148-BLQJT,B
0461-CVKMU,A
8806-EAGWC,B
7779-LGOVN,B
9710-ZUSHQ,B
4183-WCSEP,B
5498-TXHLF,B
9722-UJOJR,B
3902-FOIGH,B
6772-KSATR,B
7112-OPOTK,B
4210-QFJMF,B
3318-OSATS,A
5828-AVIPD,B
1086-LXKFY,B
2636-ALXXZ,B
7774-OJSXI,B
7786-WBJYI,B
9885-CSMWE,A
5016-ETTFF,A
3866-MDTUB,B
8058-JMEQO,B
0697-ZMSWS,A
7657-DYEPJ,A
8276-MQBYC,A
7593-XFKDI,B
0337-CNPZE,B
1513-XNPPH,A
6015-VVHHE,B
6347-DCUIK,A
0897-FEGMU,B
7663-RGWBC,B
1120-BMWUB,A
9124-LHCJQ,B
2235-ZGKPT,A
3891-PUQOD,A
0689-NKYLF,A
3658-KIBGF,A
5519-YLDGW,A
4946-EDSEW,A
2516-VQRRV,B
7580-UGXNC,A
5178-LMXOP,B
8185-UPYBR,B
4585-HETAI,B
7526-BEZQB,B
4951-UKAAQ,B
2108-YKQTY,B
4918-QLLIW,B
7056-IMHCC,B
1625-JAIIY,A
2947-DOMLJ,B
4112-LUEIZ,B
4510-HIMLV,B
8749-JMNKX,B
2430-USGXP,A
5955-ERIHD,A
0917-EZOLA,B
5949-EBSQK,A
7274-RTAPZ,B
0311-UNPFF,B
3834-XUIFC,B
8414-MYSHR,B
7599-FKVXZ,A
8229-TNIQA,B
6221-AVQYL,B
7743-EXURX,A
5569-KGJHX,B
4988-IQIGL,A
7730-IUTDZ,B
0426-TIRNE,A
7587-RZNME,B
0748-RDGGM,B
4706-AXVKM,B
5889-JTMUL,A
9026-RNUJS,A
3746-EUBYR,B
2332-EFBJY,A
9474-PHLYD,B
2165-VOEGB,B
2219-MVUSO,A
8914-RBTSB,B
0963-ZBDRN,A
7594-RQHXR,B
6331-EWIEB,A
5998-VVEJY,B
1624-NALOJ,B
4317-VTEOA,B
1670-SVOWZ,A
7541-YLXCL,A
0260-ZDLGK,B
8722-NGNBH,B
6210-KBBPI,A
0133-BMFZO,A
6128-CZOMY,B
9540-JYROE,B
2260-USTRB,A
3656-TKRVZ,A
8623-TMRBY,B
1501-SGHBW,A
3208-YPIOE,A
2612-RANWT,A
6900-PXRMS,A
3346-BRMIS,B
2933-FILNV,A
9986-BONCE,A
2722-JMONI,B
4083-EUGRJ,A
7579-OOPEC,B
1771-OADNZ,A
0612-RTZZA,A
6410-LEFEN,A
3194-ORPIK,A
8816-VXNZD,B
9378-FXTIZ,B
1723-HKXJQ,A
7825-GKXMW,B
1240-KNSEZ,B
0836-SEYLU,A
4433-JCGCG,B
3716-BDVDB,A
5899-MQZZL,B
6849-OYAMU,A
9488-HGMJH,A
6038-GCYEC,B
1150-WFARN,B
3144-AUDBS,B
5616-PRTNT,B
4818-QIUFN,A
6961-VCPMC,A
6688-UZPWD,A
2839-RFSQE,B
0968-GSIKN,B
1965-DDBWU,B
9057-SIHCH,A
6771-XWBDM,A
8601-QACRS,A
2391-SOORI,A
2645-QTLMB,B
4806-HIPDW,A
4424-TKOPW,B
8443-ZRDBZ,B
9136-ALYBR,B
7479-NITWS,B
2959-MJHIC,B
4201-JMNGR,B
5960-WPXQM,B
0684-AOSIH,B
8260-NGFNY,B
1866-RZZQS,B
8631-NBHFZ,B
4958-XCBDQ,A
8337-UPOAQ,A
1725-IQNIY,A
6598-RFFVI,B
6712-OAWRH,A
8614-VGMMV,B
2930-UOTMB,A
5914-DVBWJ,A
2533-QVMSK,A
8644-XLFBW,A
8625-AZYZY,A
9306-CPCBC,A
1833-VGRUM,A
8374-XGEJJ,A
2656-TABEH,A
6946-LMSQS,B
2325-ZUSFD,A
3932-CMDTD,A
4039-HEUNW,A
0812-WUPTB,B
3594-UVONA,B
0004-TLHLJ,A
5089-IFSDP,B
4817-VYYWS,B
1396-QWFBJ,B
5299-SJCZT,A
2403-BCASL,A
2898-LSJGD,B
7359-PTSXY,B
4503-BDXBD,B
6086-ESGRL,B
3886-CERTZ,A
5759-RCVCB,A
6372-RFVNS,B
8938-UMKPI,B
0991-BRRFB,B
3871-IKPYH,A
6319-IEJWJ,A
9025-AOMKI,B
5275-SQEIZ,A
7716-YTYHG,B
4390-KYULV,A
1304-NECVQ,B
8945-GRKHX,A
6959-UWKHF,A
3815-SLMEF,B
5154-VEKBL,B
5655-JSMZM,B
4505-EXZHB,A
4587-VVTOX,B
4652-NNHNY,B
8972-HJWNV,B
8515-OCTJS,A
2860-RANUS,B
5261-QSHQM,A
8868-WOZGU,B
1334-FJSVR,A
7625-XCQRH,A
1731-TVIUK,B
0406-BPDVR,A
0618-XWMSS,A
5276-KQWHG,B
2565-JSLRY,A
6689-KXGBO,B
6615-NGGZJ,A
4255-DDUOU,B
2984-MIIZL,B
5590-YRFJT,B
3677-TNKIO,A
9667-EQRXU,B
3329-WDIOK,B
2873-ZLIWT,B
3415-TAILE,A
1915-IOFGU,B
3045-XETSH,A
7239-HZZCX,B
7683-CBDKJ,A
0946-CLJTI,B
0628-CNQRM,A
7665-TOALD,B
0112-QWPNC,B
0324-BRPCJ,B
2777-PHDEI,B
1196-AMORA,A
4282-YMKNA,B
5356-RHIPP,A
9189-JWSHV,A
0746-JTRFU,A
0576-WNXXC,A
4628-CTTLA,B
2876-VBBBL,B
6834-NXDCA,B
5597-GLBUC,A
2748-MYRVK,A
4822-YCXMX,A
9821-POOTN,A
6559-ILWKJ,A
4229-CZMLL,A
3663-MITLP,B
9025-ZRPVR,B
3285-UCQVC,A
5482-PLVPE,A
4902-OHLSK,A
0495-ZBNGW,A
2357-COQEK,A
3737-GCSPV,B
4088-YLDSU,B
2034-CGRHZ,A
5797-APWZC,A
3683-QKIUE,B
4228-ZGYUW,B
3519-ZKXGG,B
6416-TVAIH,A
5108-ADXWO,B
3066-RRJIO,B
6715-OFDBP,A
1567-DSCIC,A
2150-UWTFY,A
2683-BPJSO,A
2157-MXBJS,B
9360-AHGNL,A
1087-UDSIH,B
5485-WUYWF,A
2632-UCGVD,A
5445-PZWGX,B
9170-CCKOU,A
1043-YCUTE,B
3814-MLAXC,B
1226-UDFZR,B
6425-YQLLO,B
5442-UTCVD,B
7734-DBOAI,A
2091-RFFBA,B
2114-MGINA,B
4489-SNOJF,A
6899-PPEEA,A
2187-LZGPL,B
4597-NUCQV,A
9019-QVLZD,B
3707-LRWZD,A
1455-ESIQH,A
2979-SXESE,B
4013-TLDHQ,B
3754-DXMRT,B
7130-VTEWQ,A
6121-VZNQB,A
7903-CMPEY,B
6996-KNSML,A
1704-NRWYE,B
2592-SEIFQ,A
7481-ATQQS,B
8642-GVWRF,B
3400-ESFUW,B
2057-ZBLPD,A
5502-RLUYV,A
0023-HGHWL,A
9039-RBEEE,B
8417-FMLZI,A
1792-UXAFY,A
0515-YPMCW,A
0378-XSZPU,A
4729-XKASR,A
5449-FIBXJ,A
9837-BMCLM,A
0137-UDEUO,A
6161-UUUTA,A
6543-XRMYR,A
4925-LMHOK,A
1455-UGQVH,A
8280-MQRQN,B
2037-SGXHH,A
3178-FESZO,A
6087-MVHJH,A
4603-JANFB,B
3018-TFTSU,A
4806-KEXQR,A
7083-YNSKY,B
2479-BRAMR,B
7434-SHXLS,B
7908-QCBCA,A
6711-FLDFB,A
3714-JTVOV,B
4702-IOQDC,B
6178-KFNHS,A
1264-BYWMS,A
9658-WYUFB,A
2013-SGDXK,B
8580-QVLOC,B
2012-NWRPA,B
8808-ELEHO,B
3506-LCJDC,A
3934-HXCFZ,A
7666-WKRON,B
4910-AQFFX,B
2154-KVJFF,A
9647-ERGBE,A
3428-XZMAZ,A
0378-TOVMS,B
4355-HBJHH,A
9058-CBREO,A
0318-QUUOB,B
5520-FVEWJ,B
5572-ZDXHY,A
3750-CKVKH,B
8063-GBATB,B
4547-KQRTM,A
4877-EVATK,B
7639-SUPCW,A
1069-XAIEM,B
4658-HCOHW,B
3440-JPSCL,A
2889-FPWRM,A
6987-XQSJT,B
4290-BSXUX,B
0325-XBFAC,A
2462-XIIJB,A
4760-XOHVN,A
7817-BOQPW,A
1853-UDXBW,B
5458-CQJTA,A
5219-YIPTK,A
3540-RZJYU,B
2091-MJTFX,B
0883-EIBTI,A
0722-TROQR,B
7571-YXDAD,A
3393-FMZPV,A
6402-ZFPPI,B
7486-KSRVI,A
8443-WVPSS,A
3006-XIMLN,A
9965-YOKZB,B
0504-HHAPI,B
6305-YLBMM,B
3647-GMGDH,A
3791-LGQCY,B
8166-ZZTFS,B
2956-GGUCQ,B
6595-COKXZ,B
0362-ZBZWJ,A
4211-MMAZN,B
4274-OWWYO,B
1541-ETJZO,A
4106-HADHQ,A
2369-UAPKZ,A
2778-OCLGR,B
0637-KVDLV,A
6633-MPWBS,A
8785-EPNCG,A
5729-KLZAR,A
1582-RAFML,A
8740-CRYFY,B
2962-XPMCQ,B
1678-FYZOW,B
8627-EHGIP,B
5480-TBGPH,B
8854-CCVSQ,A
0511-JTEOY,A
7067-KSAZT,A
6532-YLWSI,A
9300-AGZNL,A
1112-CUNAO,B
5175-AOBHI,B
5174-RNGBH,A
7270-BDIOA,B
9565-JSNFM,B
0607-DAAHE,A
9732-KPKBW,A
3389-YGYAI,B
9560-ARGQJ,B
5134-IKDAY,B
3070-DVEYC,B
5707-ORNDZ,B
8696-JKZNU,B
5380-AFSSK,A
2055-PDADH,B
8714-EUHJO,A
3721-CNEYS,A
2568-OIADY,A
1193-RTSLK,B
2302-ANTDP,B
5923-GXUOC,A
5233-GEEAX,A
4432-ADRLB,B
8993-PHFWD,A
1565-RHDJD,B
7137-RYLPP,A
3765-JXVKY,B
7330-WZLNC,A
3957-LXOLK,A
6635-MYYYZ,B
5281-BUZGT,B
5378-IKEEG,B
2718-GAXQD,A
6413-XKKPU,A
1449-XQEMT,B
2626-URJFX,A
2612-RRIDN,A
4735-ASGMA,B
3669-LVWZB,B
6892-EZDTG,B
9725-SCPZG,B
5884-GCYMI,A
3217-FZDMN,A
7853-GVUDZ,B
7480-QNVZJ,A
3943-KDREE,B
9239-ZBZZV,A
4398-HSCJH,B
4430-UZIPO,A
4855-SNKMY,A
8008-HAWED,A
7124-UGSUR,A
1862-SKORY,A
1502-XFCVR,A
9692-TUSXH,A
7912-SYRQT,B
4816-JBHOV,B
8292-TYSPY,A
1867-BDVFH,A
2359-QWQUL,B
9103-TCIHJ,B
4140-WJAWW,A
6653-CBBOM,A
3247-ZVOUO,A
6101-IMRMM,B
1268-ASBGA,B
8943-URTMR,A
4713-LZDRV,B
4325-NFSKC,B
2955-PSXOE,B
7762-URZQH,B
6907-NZZIJ,B
2911-UREFD,B
3744-ZRRDZ,B
5673-TIYIB,A
1602-IJQQE,B
4628-WQCQQ,A
1644-IRKSF,A
3705-PSNGL,B
6502-HCJTI,B
2606-RMDHZ,A
8258-GSTJK,A
6861-OKBCE,A
9940-RHLFB,B
2995-UPRYS,B
6686-YPGHK,B
1383-EZRWL,B
4759-TRPLW,A
8563-IIOXK,A
8020-BWHYL,A
2982-VPSGI,A
8199-ZLLSA,A
4625-EWPTF,A
5980-NOPLP,B
6892-XPFPU,B
8010-EZLOU,A
9874-QLCLH,B
8062-YBDOE,A
6000-APYLU,A
0947-IDHRQ,B
3672-YITQD,A
9048-JVYVF,A
8988-ECPJR,B
3776-EKTKM,A
1902-XBTFB,A
0643-OKLRP,A
9381-NDKME,A
2794-XIMMO,A
8382-SHQEH,A
2983-ZANRP,A
7845-URHJN,A
3034-ZBEQN,B
8327-LZKAS,A
1075-BGWOH,A
0302-JOIVN,A
5366-IJEQJ,B
1981-INRFU,A
4971-PUYQO,A
8485-GJCDN,A
1527-SXDPN,B
6029-WTIPC,B
8634-CILSZ,B
6682-QJDGB,A
8780-IXSTS,B
9530-EHPOH,B
0345-HKJVM,A
3049-SOLAY,A
3317-HRTNN,A
3235-ETOOB,A
8058-INTPH,A
5569-OUICF,A
8821-XNHVZ,B
2082-OJVTK,B
5940-NFXKV,A
8053-WWDRO,B
9564-KCLHR,A
2082-CEFLT,B
1213-NGCUN,A
5688-KZTSN,A
2894-QOJRX,B
5747-PMBSQ,A
3143-JQEGI,B
6386-SZZKH,A
2982-IHMFT,A
3521-SYVOR,A
9526-JAWYF,B
5649-VUKMC,A
5143-EGQFK,B
4919-IKATY,B
9050-QLROH,A
6168-WFVVF,B
0877-SDMBN,B
8065-YKXKD,A
9637-EIHEQ,B
9689-PTNPG,A
9465-RWMXL,A
2362-IBOOY,A
0843-WTBXE,B
5515-IDEJJ,B
7450-NWRTR,A
5376-DEQCP,B
9095-HFAFX,A
2379-ENZGV,B
6005-OBZPH,A
7932-WPTDS,A
2722-VOJQL,B
5228-EXCET,B
7394-FKDNK,A
6331-LWDTQ,B
1597-FZREH,A
7000-WCEVQ,B
0727-IWKVK,A
5959-BELXA,A
3512-IZIKN,A
6141-OOXUQ,B
7503-ZGUZJ,B
2506-TNFCO,A
8718-PTMEZ,B
2207-OBZNX,A
6142-VSJQO,B
6437-UKHMV,B
1114-CENIM,B
6060-DRTNL,A
8473-VUVJN,A
6289-CPNLD,B
5536-SLHPM,B
0196-VULGZ,A
8837-VVWLQ,A
2696-NARTR,B
7614-QVWQL,B
1976-CFOCS,B
4631-OACRM,B
3755-JBMNH,B
6345-ULYRW,B
1809-DMJHQ,B
6923-EFPNL,A
9574-RKJIF,B
2619-WFQWU,A
0778-NELLA,B
4614-NUVZD,B
3803-KMQFW,B
6804-GDMOI,A
9572-MTILT,A
9611-CTWIH,B
0329-GTIAJ,A
6629-CZTTH,B
5364-EVNIB,B
5087-SUURX,A
0013-EXCHZ,B
5550-VFRLC,A
4929-BSTRX,A
2225-ZRGSG,B
5271-YNWVR,B
2657-ALMWY,B
6330-JKLPC,A
4667-OHGKG,B
1660-HSOOQ,A
7253-UVNDW,B
7228-OMTPN,A
6284-AHOOQ,A
2344-JMOGN,A
3799-ISUZQ,B
1794-HBQTJ,B
2460-FPSYH,A
4818-DRBQT,B
1320-HTRDR,B
1493-AMTIE,A
6424-ELEYH,A
4391-RESHN,A
6821-BUXUX,B
5028-HTLJB,A
9801-GDWGV,A
2320-JRSDE,B
0601-WZHJF,A
5143-WMWOG,B
5393-RXQSZ,B
0231-LXVAP,B
9444-JTXHZ,B
5510-BOIUJ,B
4471-KXAUH,A
7638-QVMVY,A
3244-DCJWY,B
0875-CABNR,A
7812-FZHPE,B
4797-AXPXK,B
5229-PRWKT,A
6982-UQZLY,B
5057-LCOUI,A
0193-ESZXP,B
4369-HTUIF,A
0156-FVPTA,B
1984-FCOWB,A
0654-HMSHN,A
5287-QWLKY,A
5196-SGOAK,B
1891-UAWWU,A
6108-OQZDQ,A
0363-QJVFX,B
9840-DVNDC,A
3096-JRDSO,B
8042-JVNFH,A
3374-LXDEV,B
5049-GLYVG,A
5883-GTGVD,B
4817-QRJSX,B
2398-YPMUR,B
9985-MWVIX,A
1265-XTECC,B
2237-ZFSMY,B
4871-JTKJF,A
1415-YFWLT,A
6711-VTNRE,B
3500-RMZLT,A
4548-SDBKE,B
8066-POXGX,B
4143-OOBWZ,B
7854-EKTJL,A
9102-IAYHT,B
3422-LYEPQ,A
2642-DTVCO,A
4361-JEIVL,B
1363-TXLSL,A
9507-EXLTT,A
9846-GKXAS,A
6017-PPLPX,A
7136-RVDTZ,B
4581-SSPWD,A
6927-WTFIV,B
3398-ZOUAA,B
0378-NHQXU,A
4512-ZUIYL,B
7969-AULMZ,B
0568-ONFPC,A
0733-VUNUW,A
4550-EVXNY,A
2968-SSGAA,B
4844-JJWUY,A
6777-TGHTM,B
3538-WZPHD,A
4785-QRJHC,A
8610-WFCJF,B
4905-JEFDW,B
7881-INRLC,B
0117-LFRMW,B
6172-FECYY,B
1965-AKTSX,B
4786-UKSNZ,A
7248-VZQLC,B
0011-IGKFF,A
4192-GORJT,A
6496-SLWHQ,B
9912-GVSEQ,B
5383-MMTWC,A
7240-ETPTR,B
2202-CUYXZ,A
5995-OIGLP,A
6261-RCVNS,A
7951-QKZPL,B
3640-PHQXK,A
6877-LGWXO,B
8019-ENHXU,B
5167-GBFRE,A
9033-EOXWV,A
1324-NLTJE,B
1522-VVDMG,B
9185-TQCVP,A
5567-WSELE,A
8063-RJYNF,B
0687-ZVTHB,A
9661-ACXBS,B
3727-RJMEO,B
6646-VRFOL,B
5685-IIXLY,A
4250-ZBWLV,B
5095-AESKG,B
1871-MOWRM,A
2027-OAQQC,A
9090-SGQXL,A
6595-YGXIT,B
9835-ZIITK,A
1555-DJEQW,A
5649-TJHOV,A
0519-XUZJU,A
6338-AVWCY,A
9253-QXKBE,A
9445-SZLCH,B
7568-PODML,A
5349-IECLD,A
3945-GFWQL,B
3797-VTIDR,B
9526-BIHHD,B
4523-WXCEF,B
8364-TRMMK,B
3063-QFSZL,A
8775-LHDJH,A
3097-NQYSN,A
3565-UNOCC,A
9249-FXSCK,A
5493-SDRDQ,B
0871-URUWO,B
9190-MFJLN,B
1095-JUDTC,A
0870-VEMYL,B
5385-SUIRI,B
3982-XWFZQ,B
4009-ALQFH,B
3627-FCRDW,A
7562-GSUHK,B
4903-UYAVB,B
6776-TLWOI,A
4077-CROMM,B
2868-MZAGQ,A
4847-QNOKA,A
6379-RXJRQ,A
8650-RHRKE,A
0475-RIJEP,A
1260-TTRXI,B
6328-ZPBGN,A
4789-KWMXN,B
2867-UIMSS,A
8111-RKSPX,B
1585-MQSSU,B
2856-NNASM,A
8559-CIZFV,B
7547-EKNFS,A
6769-DYBQN,B
4439-JMPMT,B
2446-BEGGB,B
1496-GGSUK,B
2575-GFSOE,B
2842-JTCCU,B
3296-SILRA,B
9681-OXGVC,A
5180-UCIIQ,B
7153-OANIO,A
6521-YYTYI,B
8878-HMWBV,B
3751-KTZEL,A
1977-STDKI,B
5813-UECBU,B
0328-GRPMV,A
4342-HENTK,B
4195-SMMNX,B
6956-SMUCM,A
3223-WZWJM,B
9053-JZFKV,B
2530-ENDWQ,B
6615-ZGEDR,A
9250-WYPLL,B
2754-XBHTB,B
1597-LHYNC,A
7055-VKGDA,A
0754-UKWQP,B
7493-TPUWZ,A
1577-HKTFG,B
8752-STIVR,B
4558-FANTW,B
8651-ENBZX,A
7623-TRNQN,B
9330-IJWIO,B
9286-DOJGF,A
9661-MHUMO,B
1842-EZJMK,A
8079-XRJRS,B
8073-IJDCM,A
8884-ADFVN,B
2720-WGKHP,B
2869-ADAWR,A
9894-EZEWG,B
7851-FLGGQ,A
0637-UBJRP,B
0940-OUQEC,A
0702-PGIBZ,B
1963-VAUKV,A
3058-HJCUY,A
3259-FDWOY,A
0807-ZABDG,A
5748-RNCJT,A
7739-LAXOG,B
9776-CLUJA,A
6034-ZRYCV,A
2079-FBMZK,A
6608-QQLVK,A
3551-HUAZH,B
6302-JGYRJ,A
3685-YLCMQ,A
8634-MPHTR,B
8761-NSOBC,B
8413-VONUO,A
9223-UCPVT,B
4351-QLCSU,B
5419-JPRRN,B
2100-BDNSN,B
0488-GSLFR,B
9318-NKNFC,B
9728-FTTVZ,B
7254-IQWOZ,A
2474-BRUCM,B
0742-NXBGR,B
6110-OHIHY,B
5889-LFOLL,B
5708-EVONK,A
8708-XPXHZ,B
0616-ATFGB,B
7016-BPGEU,A
6876-ADESB,A
1963-SVUCV,B
0220-EBGCE,B
2754-VDLTR,A
3190-XFANI,A
7551-DACSP,A
7235-NXZCP,B
0520-FDVVT,B
1444-VVSGW,A
5712-PTIWW,A
3315-TOTBP,A
6661-HBGWL,B
1518-VOWAV,A
5909-ECHUI,B
1309-BXVOQ,B
9317-WZPGV,A
2856-HYAPG,A
4488-PSYCG,B
3621-CEOVK,A
6906-ANDWJ,A
1031-IIDEO,B
5832-XKAES,B
4701-AHWMW,B
9210-IAHGH,B
0023-XUOPT,A
4592-IWTJI,A
7632-MNYOY,A
6518-LGAOV,A
7242-QZLXF,B
4576-CSAJH,B
1000-AJSLD,B
1062-LHZOD,A
9600-NAXZN,A
6457-USBER,A
4662-EKDPQ,B
9248-OJYKK,B
3398-FSHON,B
3319-DWOEP,A
9259-PACGQ,A
4415-IJZTP,B
1465-VINDH,A
2810-FTLEM,B
1925-TIBLE,B
0818-OCPZO,B
1447-GIQMR,B
0872-NXJYS,A
9412-ARGBX,B
1389-CXMLU,A
5561-NWEVX,A
2737-WFVYW,A
2272-QAGFO,A
9850-OWRHQ,B
3768-NLUBH,A
8676-TRMJS,A
7359-SSBJK,A
0685-MLYYM,A
8182-PNAGI,B
7957-RYHQD,B
2180-DXNEG,B
5515-AKOAJ,A
8976-OQHGT,A
6230-BSUXY,A
5294-CDGWY,B
5295-PCJOO,B
9863-JZAIC,A
7660-HDPJV,A
7931-PXHFC,A
3990-QYKBE,A
4919-MOAVT,B
3090-HAWSU,A
9820-RMCQV,A
7839-QRKXN,A
5204-QZXPU,A
4597-ELFTS,B
8450-JOVAH,B
1113-IUJYX,A
9274-CNFMO,B
7758-XKCBS,A
8992-JQYUN,B
0617-AQNWT,B
2446-PLQVO,A
3005-NFMTA,A
8784-CGILN,A
5389-FFVKB,B
8444-WRIDW,A
9451-LPGOO,A
5868-YWPDW,A
2025-JKFWI,B
4078-SAYYN,A
9940-HPQPG,B
6618-RYATB,B
9079-YEXQJ,A
2685-SREOM,B
0402-CQAJN,A
6692-UDPJC,B
1273-MTETI,B
5480-HPRRX,B
0295-PPHDO,B
1195-OIYEJ,B
5906-CVLHP,B
4501-EQDRN,A
2990-HWIML,A
7384-GHBPI,B
7603-USHJS,B
7234-FECYN,B
5876-HZVZM,B
1400-MMYXY,A
3085-QUOZK,B
3926-CUQZX,B
1041-RXHRA,A
1750-CSKKM,A
7142-HVGBG,A
8267-ZNYVZ,A
6457-GIRWB,B
1450-SKCVI,B
5570-PTWEH,A
6502-MJQAE,A
7693-LCKZL,B
0032-PGELS,B
6797-LNAQX,B
6394-MFYNG,B
1564-NTYXF,B
8155-IBNHG,B
0886-QGENL,B
8739-WWKDU,B
8685-WHQPW,A
4745-LSPLO,B
8083-YTZES,A
7240-FQLHE,B
6664-FPDAC,A
0786-VSSUD,B
3976-BWUCK,A
3585-ISXZP,B
6583-QGCSI,B
4174-LPGTI,B
2108-XWMPY,A
6304-IJFSQ,A
0093-XWZFY,B
1980-KXVPM,A
7703-ZEKEF,B
0723-DRCLG,B
5482-NUPNA,B
1122-JWTJW,B
1699-HPSBG,B
8775-CEBBJ,A
6894-LFHLY,B
0639-TSIQW,B
8361-LTMKD,A
7590-VHVEG,B
5575-GNVDE,B
7795-CFOCW,A
1452-KIOVK,B
6713-OKOMC,B
6388-TABGU,A
9763-GRSKD,B
7469-LKBCI,B
8091-TTVAX,B
5129-JLPIS,A
3655-SNQYZ,A
8191-XWSZG,B
9959-WOFKT,B
4183-MYFRB,A
1680-VDCWW,A
3638-WEABW,B
6322-HRPFA,A
6865-JZNKO,B
5248-YGIJN,A
3841-NFECX,A
4929-XIHVW,B
6827-IEAUQ,A
7310-EGVHZ,B
3413-BMNZE,A
6234-RAAPL,B
6572-ADKRS,B
8865-TNMNX,B
9489-DEDVP,A
9867-JCZSP,A
4671-VJLCL,A
4080-IIARD,B
3714-NTNFO,A
5948-UJZLF,A
7639-LIAYI,A
2954-PIBKO,B
8012-SOUDQ,B
6575-SUVOI,A
4667-QONEA,B
8769-KKTPH,B
5067-XJQFU,A
3957-SQXML,B
5954-BDFSG,B
0434-CSFON,B
1215-FIGMP,B
0526-SXDJP,B
0557-ASKVU,B
5122-CYFXA,A
8627-ZYGSZ,B
3410-YOQBQ,B
3170-NMYVV,A
7410-OIEDU,A
2273-QCKXA,A
0731-EBJQB,B
1891-QRQSA,A
8028-PNXHQ,A
5630-AHZIL,B
2673-CXQEU,A
6416-JNVRK,B
5590-ZSKRV,B
0191-ZHSKZ,B
3887-PBQAO,A
8108-UXRQN,B
9919-YLNNG,A
0318-ZOPWS,A
4445-ZJNMU,A
4808-YNLEU,B
1862-QRWPE,A
2796-NNUFI,A
3016-KSVCP,A
4767-HZZHQ,B
2424-WVHPL,A
7233-PAHHL,A
6067-NGCEU,A
9848-JQJTX,B
9803-FTJCG,B
3212-KXOCR,A
6380-ARCEH,B
3679-XASPY,A
7123-WQUHX,B
5386-THSLQ,A
6180-YBIQI,B
6728-DKUCO,B
9750-BOOHV,A
8597-CWYHH,A
2848-YXSMW,B
4549-ZDQYY,A
5712-AHQNN,B
5256-SKJGO,B
3071-VBYPO,B
9560-BBZXK,A
8402-OOOHJ,B
9445-ZUEQE,B
1091-SOZGA,B
2928-HLDBA,A
6497-TILVL,B
7219-TLZHO,B
4622-YNKIJ,A
6734-PSBAW,A
3930-ZGWVE,A
2639-UGMAZ,B
2876-GZYZC,A
8587-XYZSF,B
7799-LGRDP,A
7850-VWJUU,B
3774-VBNXY,B
6217-KDYWC,A
3146-MSEGF,B
1095-WGNGG,B
2636-SJDOU,B
1131-QQZEB,A
5716-EZXZN,A
6837-BJYDQ,B
6440-DKQGE,A
3466-BYAVD,A
3780-YVMFA,B
1679-JRFBR,A
9073-ZZIAY,A
3077-RSNTJ,A
6551-GNYDG,B
9167-APMXZ,A
2749-CTKAJ,A
6371-NZYEG,B
7554-NEWDD,A
8992-VONJD,A
4482-EWFMI,A
4648-YPBTM,A
2907-ILJBN,B
6345-FZOQH,A
5997-OPVFA,B
1159-WFSGR,A
7654-YWJUF,A
6727-IOTLZ,B
5918-VUKWP,B
1744-JHKYS,B
5947-SGKCL,B
3712-PKXZA,B
6582-OIVSP,B
5524-KHNJP,A
4827-USJHP,A
8167-GJLRN,B
0956-SYCWG,B
8017-UVSZU,B
7100-FQPRV,B
2984-RGEYA,A
9680-NIAUV,A
2146-EGVDT,B
2604-IJPDU,A
9178-JHUVJ,A
6168-YBYNP,A
7255-SSFBC,B
3645-DEYGF,A
9323-HGFWY,B
8544-GOQSH,B
3363-DTIVD,B
7018-WBJNK,A
9142-KZXOP,B
7674-YTAFD,B
6348-SNFUS,A
1347-KTTTA,B
4195-NZGTA,A
7157-SMCFK,B
4709-LKHYG,A
2504-DSHIH,A
0699-NDKJM,A
9286-BHDQG,A
0230-WEQUW,B
2040-LDIWQ,B
6496-JDSSB,A
4443-EMBNA,A
6469-MRVET,B
5961-VUSRV,A
6778-JFCMK,B
6341-JVQGF,A
4811-JBUVU,B
0945-TSONX,B
2651-ZCBXV,A
3316-UWXUY,B
7083-MIOPC,B
1984-GPTEH,A
0621-JFHOL,B
9903-LYSAB,A
9227-UAQFT,B
7301-ABVAD,A
6614-FHDBO,B
7576-ASEJU,A
9058-HRZSV,A
4522-AKYLR,B
0221-WMXNQ,A
0303-UNCIP,A
0959-WHOKV,B
4075-JFPGR,B
3282-ZISZV,B
3675-YDUPJ,A
4111-BNXIF,A
7017-VFHAY,B
6655-LHBYW,A
5046-NUHWD,A
7529-ZDFXI,B
7605-BDWDC,A
1950-KSVVJ,A
0123-CRBRT,A
6292-TOSSS,A
3197-ARFOY,A
7014-ZZXAW,A
7633-MVPUY,B
4716-HHKQH,A
3179-GBRWV,B
8645-KWHJO,A
4130-MZLCC,B
0314-TKOSI,A
8229-MYEJZ,A
2080-SRCDE,A
9577-WJVCQ,B
6202-DYYFX,A
3808-HFKDE,B
3727-OWVYD,B
2294-SALNE,A
4847-TAJYI,A
1563-IWQEX,A
8203-XJZRC,A
6556-DBKZF,A
6851-WEFYX,A
2985-JUUBZ,A
0895-LMRSF,A
8266-VBFQL,B
8181-YHCMF,B
2240-HSJQD,A
1248-DYXUB,A
4115-BNPJY,A
3167-SNQPL,A
4091-TVOCN,B
1098-TDVUQ,B
7277-OZCGZ,A
1557-EMYVT,B
2799-ARNLO,B
5027-YOCXN,B
3973-SKMLN,A
6745-JEFZB,B
9880-TDQAC,B
8705-WZCYL,A
7102-JJVTX,B
8626-PTQGE,A
4983-CLMLV,A
5701-YVSVF,A
5697-GOMBF,A
2739-CACDQ,A
9385-EHGDO,A
9498-FIMXL,A
2379-GYFLQ,B
2088-IEBAU,A
7982-VCELR,A
6035-BXTTY,A
6885-PKOAM,B
7520-HQWJU,A
9639-BUJXT,A
5924-SNGKP,B
0021-IKXGC,A
8966-SNIZF,A
6243-OZGFH,B
4654-DLAMQ,A
0513-RBGPE,A
5160-UXJED,A
4115-NZRKS,A
3351-NGXYI,B
8984-EYLLL,A
9833-TGFHX,B
9294-TDIPC,B
5229-DTFYB,B
0104-PPXDV,A
5176-LMJXE,B
3583-KRKMD,B
9069-LGEUL,A
7302-ZHMHP,B
9571-EDEBV,B
3520-FJGCV,B
6563-VRERX,A
6122-EFVKN,B
2805-EDJPQ,A
6862-CQUMB,A
7156-MXBJE,A
6158-HDPXZ,B
2863-IMQDR,A
5686-CMAWK,A
5651-CRHKQ,B
8204-YJCLA,B
6583-SZVGP,B
1708-PBBOA,B
8782-LKFPK,B
5522-JBWMO,B
3597-MVHJT,B
9774-NRNAU,B
0224-RLWWD,A
9967-ATRFS,B
3951-NJCVI,A
2977-CEBSX,A
0177-PXBAT,A
2519-ERQOJ,A
5876-QMYLD,B
2277-AXSDC,B
9442-JTWDL,A
3067-SVMTC,A
5495-GPSRW,B
7606-BPHHN,B
4742-DRORA,A
0111-KLBQG,B
4163-NCJAK,B
5233-AOZUF,B
5973-EJGDP,B
1996-DBMUS,B
7916-VCCPB,B
4686-GEFRM,B
5249-QYHEX,B
2233-FAGXV,A
5605-IYGFG,A
7663-ZTEGJ,B
3935-TBRZZ,B
8111-BKVDS,A
2055-SIFSS,A
2806-MLNTI,B
8734-DKSTZ,B
4360-PNRQB,B
6152-ONASV,B
7781-HVGMK,B
2181-UAESM,A
6048-NJXHX,A
2320-SLKMB,B
4980-URKXC,B
4376-KFVRS,B
5886-VLQVU,B
3577-AMVUX,A
0771-WLCLA,A
5628-RKIFK,B
0206-TBWLC,A
2937-FTHUR,B
1910-FMXJM,A
0732-OCQOC,B
5168-MSWXT,B
1090-ESELR,B
8592-PLTMQ,B
5760-WRAHC,B
8847-GEOOQ,B
4785-FCIFB,A
8313-NDOIA,A
5149-CUZUJ,A
0942-KOWSM,A
4237-CLSMM,A
1452-VOQCH,B
4719-UMSIY,B
6614-VBEGU,A
1480-BKXGA,A
2996-XAUVF,A
9076-AXYIK,A
5968-XQIVE,B
8896-RAZCR,A
4933-IKULF,B
1304-BCCFO,A
4104-PVRPS,A
3780-DDGSE,B
4431-EDMIQ,A
0486-LGCCH,A
4612-SSVHJ,B
5168-MQQCA,B
7971-HLVXI,A
9094-AZPHK,A
3649-JPUGY,B
3552-CTCYF,A
6778-YSNIH,B
5756-OZRIO,A
6579-JPICP,B
4134-BSXLX,A
0505-SPOOW,A
4374-YMUSQ,A
4513-CXYIX,A
3957-HHLMR,B
7803-XOCCZ,A
5736-YEJAX,A
8981-FJGLA,A
1135-LMECX,B
4332-MUOEZ,A
8535-SFUTN,B
8677-HDZEE,B
2475-MROZF,B
3482-ABPKK,A
6705-LXORM,B
7531-GQHME,A
5174-ITUMV,B
4109-CYRBD,B
0913-XWSCN,A
0750-EBAIU,B
8606-CIQUL,A
3571-DPYUH,A
7601-GNDYK,A
0356-OBMAC,B
8067-NIOYM,A
1403-GYAFU,B
4234-XTNEA,A
1297-VQDRP,A
5348-CAGXB,B
0621-HJWXJ,A
5844-QVTAT,A
8905-IAZPF,A
5394-MEITZ,B
6859-QNXIQ,A
2782-LFZVW,A
2866-IKBTM,A
7129-AZJDE,B
2560-PPCHE,B
4676-MQUEA,B
8138-EALND,B
3580-HYCSP,A
1352-HNSAW,A
2075-PUEPR,A
1982-FEBTD,A
5791-KAJFD,B
2654-VBVPB,B
1154-HYWWO,A
2501-XWWTZ,A
3716-UVSPD,B
6815-ABQFQ,B
7343-EOBEU,A
3701-SFMUH,B
6103-LIANB,A
7319-VENRZ,B
5846-NEQVZ,A
6967-QIQRV,A
5781-RFZRP,A
0308-IVGOK,A
7293-LSCDV,B
7025-WCBNE,B
5756-JYOJT,B
6030-REHUX,A
9548-LIGTA,B
5150-LJNSR,B
8270-RKSAP,A
6522-YRBXD,A
2640-LYMOV,A
1423-BMPBQ,A
2393-DIVAI,B
4568-KNYWR,B
8752-IMQOS,B
0742-LAFQK,A
0795-LAFGP,B
0619-OLYUR,B
5512-IDZEI,B
0459-SPZHJ,B
0215-BQKGS,B
9244-ZVAPM,A
8208-EUMTE,B
5172-MIGPM,B
1710-RCXUS,A
0374-FIUCA,B
5839-SUYVZ,A
5173-ZXXXL,A
1096-ADRUX,B
2001-MCUUW,B
2731-GJRDG,A
4723-BEGSG,B
6516-NKQBO,A
8672-OAUPW,A
8207-DMRVL,B
2804-ETQDK,B
6689-VRRTK,A
7138-GIRSH,A
9396-ZSFLL,A
6464-KEXXH,A
7134-MJPDY,A
5240-CAOYT,A
4059-IIEBK,A
4881-JVQOD,A
0516-UXRMT,A
4851-BQDNX,B
5148-HKFIR,A
3003-CMDUU,B
5016-IBERQ,A
6797-UCJHZ,B
2469-DTSGX,B
9931-KGHOA,B
1775-KWJKQ,A
7665-VIGUD,A
9411-TPQQV,B
7954-MLBUN,B
2077-DDHJK,A
9574-BOSMD,A
4908-XAXAY,B
8404-VLQFB,B
2391-IPLOP,A
3509-GWQGF,B
5845-BZZIB,A
1140-UKVZG,B
5183-SNMJQ,A
8100-PNJMH,B
7838-LAZFO,A
2085-JVGAD,A
8095-WANWK,A
3030-ZKIWL,B
9565-FLVCG,B
8755-OGKNA,A
2800-VEQXM,A
5533-RJFTJ,A
0214-JHPFW,B
5642-MHDQT,B
3088-FVYWK,A
9092-GDZKO,A
3729-OWRVL,A
2324-AALNO,B
5760-IFJOZ,B
2826-UWHIS,A
7501-IWUNG,A
4957-TREIR,A
7251-LJBQN,B
8040-MNRTF,A
1536-HBSWP,B
5313-FPXWG,A
0946-FKYTX,B
5076-YVXCM,B
8262-COGGB,A
6663-JOCQO,A
9620-QJREV,A
2682-KEVRP,A
2480-JZOSN,A
0078-XZMHT,A
9978-HYCIN,A
8338-QIUNR,A
1525-LNLOJ,B
9450-TRJUU,B
1766-GKNMI,B
6942-LBFDP,B
1456-TWCGB,B
7596-ZYWBB,A
8329-UTMVM,A
3014-WJKSM,B
3347-YJZZE,B
7929-DMBCV,A
9661-JALZV,B
5433-KYGHE,B
4312-KFRXN,A
5575-TPIZQ,B
0114-IGABW,A
9944-AEXBM,B
1853-ARAAQ,A
6952-OMNWB,B
4697-LUPSU,B
8434-VGEQQ,B
6549-YMFAW,B
4950-HKQTE,A
6786-OBWQR,A
2753-JMMCV,B
6621-YOBKI,A
1216-JWVUX,B
7564-GHCVB,A
1173-NOEYG,B
7595-EHCDL,A
6647-ZEDXT,A
2521-NPUZR,A
1307-TVUFB,B
7503-MIOGA,B
4381-MHQDC,A
6923-JHPMP,B
4018-PPNDW,A
1635-FJFCC,A
2499-AJYUA,A
6919-ELBGL,B
3966-HRMZA,B
6425-JWTDV,B
8405-IGQFX,A
8224-IVVPA,A
9477-LGWQI,B
1410-RSCMR,B
0139-IVFJG,B
5730-DBDSI,A
0030-FNXPP,A
5684-FJVYR,B
4013-GUXND,A
1266-NZYUI,A
7969-FFOWG,A
4718-DHSMV,A
5175-WLYXL,A
7817-OMJNA,A
8728-SKJLR,A
3137-NYQQI,A
7706-DZNKK,B
8823-RLPWL,B
9505-SQFSW,A
3758-CKOQL,B
5676-CFLYY,B
7521-AFHAB,B
0285-INHLN,A
5125-CNDSP,A
4992-LTJNE,B
2202-OUTMO,B
0810-BDHAW,A
0229-LFJAF,A
7131-ZQZNK,A
3442-ZHHCC,A
5726-CVNYA,A
9871-ELEYA,B
4257-GAESD,A
5173-WXOQV,A
2040-OBMLJ,B
6286-ZHAOK,A
3807-XHCJH,B
5671-RQRLP,A
8859-AXJZP,B
3174-AKMAS,A
9926-PJHDQ,B
7382-DFJTU,A
2798-NYLMZ,B
8098-TDCBU,B
3551-GAEGL,A
4785-NKHCX,A
3196-NVXLZ,A
0036-IHMOT,A
4178-EGMON,A
4220-TINQT,A
5318-YKDPV,B
7975-TZMLR,B
0295-QVKPB,A
4335-BSMJS,A
9146-JRIOX,A
5337-IIWKZ,B
9650-VBUOG,A
3487-EARAT,B
2672-TGEFF,B
4250-WAROZ,A
8184-WMOFI,B
6092-QZVPP,A
4625-LAMOB,A
0392-BZIUW,B
6549-NNDYT,B
0422-OHQHQ,A
6916-HIJSE,A
2316-ESMLS,B
9778-OGKQZ,A
7408-OFWXJ,A
6007-TCTST,A
2252-NKNSI,B
8713-IGZSO,B
7905-TVXTA,B
7695-PKLCZ,A
8374-UULRV,A
3224-DFQNQ,A
5275-PMFUT,B
4795-UXVCJ,B
9777-IQHWP,B
0979-MOZQI,B
2732-ISEZX,A
0323-XWWTN,B
1937-OTUKY,A
1573-LGXBA,B
1764-VUUMT,A
4713-ZBURT,A
3050-GBUSH,B
7876-AEHIG,A
7945-HLKEA,A
9342-VNIMQ,B
3523-BRGUW,B
3199-NPKCN,A
5170-PTRKA,B
4661-NJEUX,A
2123-AGEEN,B
1258-YMZNM,A
0048-LUMLS,B
5898-IGSLP,A
6259-WJQLC,A
7997-EASSD,B
0730-KOAVE,A
8975-SKGRX,A
0678-RLHVP,B
2267-FPIMA,A
1051-GEJLJ,B
5285-MVEHD,A
0379-DJQHR,A
5543-QDCRY,A
0297-RBCSG,B
4694-PHWFW,B
0835-JKADZ,A
7508-SMHXL,A
3865-YIOTT,A
5993-BQHEA,B
6024-RUGGH,B
3956-CJUST,A
4079-WWQQQ,A
6103-BOCOU,A
5149-TGWDZ,B
7471-WNSUF,A
8942-DBMHZ,A
4301-VVZKA,A
9199-PWQVC,A
4824-GUCBY,A
5393-HJZSM,A
0862-PRCBS,B
8812-ZRHFP,A
5146-CBVOE,A
0454-OKRCT,A
5787-KXGIY,A
4198-VFOEA,B
6630-UJZMY,B
2692-AQCPF,B
0347-UBKUZ,B
0835-DUUIQ,A
0811-GSDTP,A
7567-ECMCM,A
6115-ZTBFQ,A
6353-BRMMA,A
6231-WFGFH,A
9904-EHEVJ,A
6169-PPETC,B
8584-KMVXD,B
8467-WYNSR,A
0851-DFJKB,A
5382-SOYZL,A
3261-CQXOL,A
8388-FYNPZ,A
4002-BQWPQ,A
5651-YLPRD,B
2826-DXLQO,B
4378-BZYFP,B
9489-UTFKA,B
4849-PYRLQ,A
7764-BDPEE,B
3429-IFLEM,B
5002-GCQFH,B
0556-FJEGU,B
0604-THJFP,A
5879-SESNB,B
6461-PPAXN,B
3318-ISQFQ,A
1106-HRLKZ,A
2483-XSSMZ,B
8165-ZJRNM,B
2604-XVDAM,B
3717-OFRTN,A
9046-JBFWA,B
3280-NMUVX,A
1206-EHBDD,B
8361-LBRDI,B
4883-KCPZJ,B
9108-EQPNQ,B
7277-KAMWT,A
2545-LXYVJ,A
3234-VKACU,A
8120-JDCAM,B
8917-FAEMR,A
7047-YXDMZ,B
2858-EIMXH,A
6419-ZTTLE,A
0929-HYQEW,B
6614-YOLAC,B
7426-RHZGU,B
4065-JJAVA,A
7649-SIJJF,A
9361-YNQWJ,A
3748-FVMZZ,A
9391-TTOYH,A
1452-XRSJV,A
3422-WJOYD,A
8242-SOQUO,A
7460-ITWWP,A
7147-AYBAA,A
7868-TMWMZ,B
6732-FZUGP,B
8329-GWVPJ,A
1352-VHKAJ,A
2632-TACXW,A
8146-QQKZH,B
1767-CJKBA,A
6445-TNRXS,A
4581-LNWUM,A
4869-EPIUS,B
1915-OAKWD,B
7296-PIXQY,A
3354-OADJP,A
3524-WQDSG,B
0810-DHDBD,B
4026-SKKHW,B
2829-HYVZP,B
3845-JHAMY,B
7013-PSXHK,A
3486-NPGST,A
6100-FJZDG,A
4829-ZLJTK,A
1730-VFMWO,A
7143-BQIBA,A
3800-LYTRK,A
9646-NMHXE,B
7030-NJVDP,B
8883-GRDWQ,B
7771-ZONAT,B
2111-DWYHN,B
4194-WHFCB,B
4121-AGSIN,B
9845-PEEKO,B
0455-XFASS,A
0301-KOBTQ,A
1751-NCDLI,B
9170-ARBTB,A
7241-AJHFS,A
4546-FOKWR,B
9036-CSKBW,B
5832-TRLPB,A
8590-YFFQO,A
8659-IOOPU,B
1338-CECEE,B
7439-DKZTW,B
4646-QZXTF,A
9742-XOKTS,B
6921-OZMFH,B
9578-FOMUK,B
4712-UYOOI,A
7722-CVFXN,B
8717-VCTXJ,A
7363-QTBIW,B
4159-NAAIX,B
0971-QIFJK,A
9397-TZSHA,A
3391-JSQEW,A
0343-QLUZP,B
2176-LVPNX,A
3312-UUMZW,A
1271-UODNO,B
8461-EFQYM,B
6900-RBKER,B
6891-JPYFF,B
1459-QNFQT,B
1047-NNCBF,A
3696-XRIEN,A
0074-HDKDG,A
8791-GFXLZ,A
9330-DHBFL,A
0098-BOWSO,B
3452-ABWRL,B
5859-HZYLF,B
3156-QLHBO,A
2208-NQBCT,A
1779-PWPMG,B
6621-NRZAK,A
0831-JNISG,A
0774-IFUVM,A
3082-WQRVY,B
9553-DLCLU,B
1641-BYBTK,A
2460-NGXBJ,A
2446-ZKVAF,A
3522-CDKHF,B
1430-SFQSA,B
0411-EZJZE,B
8807-ARQET,A
8992-CEUEN,A
4320-QMLLA,B
8777-PVYGU,B
8292-ITGYJ,A
6870-ZWMNX,B
0621-CXBKL,B
5268-DSMNQ,B
5334-JLAXU,A
6242-MBHPK,B
9359-UGBTK,A
4782-OSFXZ,B
6479-OAUSD,A
7129-ACFOG,A
4189-NAKJS,A
5562-BETPV,B
1282-IHQAC,A
9127-FHJBZ,A
1641-RQDAY,A
6994-ORCWG,B
1346-UFHAX,B
2933-XEUJM,B
5461-QKNTN,B
4835-YSJMR,B
3164-YAXFY,B
0887-WBJVH,A
4660-IRIBM,A
7670-ZBPOQ,B
8089-UZWLX,A
0080-OROZO,B
3916-NRPAP,B
6807-SIWJI,A
8221-HVAYI,B
5232-NXPAY,A
8967-SZQAS,B
4468-KAZHE,A
0455-ENTCR,B
8944-AILEF,B
5542-NKVRU,A
7126-RBHSD,B
5370-IIVVL,B
6789-HJBWG,B
9087-EYCPR,A
6791-YBNAK,A
6077-BDPXA,B
0013-MHZWF,A
8268-YDIXR,A
4291-SHSBH,B
6980-IMXXE,A
0040-HALCW,A
0784-GTUUK,B
2294-DMMUS,A
0872-JCPIB,B
3055-MJDSB,A
9091-WTUUY,A
7115-IRDHS,A
8496-DMZUK,A
2040-VZIKE,B
9068-VPWQQ,A
0178-SZBHO,A
0384-RVBPI,B
1299-AURJA,A
4525-VZCZG,B
1543-LLLFT,A
2788-CJQAQ,B
0319-QZTCO,A
2120-SMPEX,B
0096-FCPUF,B
0668-OGMHD,B
6507-ZJSUR,A
9408-HRXRK,B
5593-SUAOO,A
6766-HFKLA,B
7617-EYGLW,A
9220-ZNKJI,B
2226-ICFDO,A
0723-VSOBE,B
5529-GIBVH,A
9992-UJOEL,B
4741-WWJQZ,B
6625-UTXEW,B
6244-BESBM,B
1004-NOZNR,B
1251-STYSZ,A
2612-PHGOX,A
8480-PPONV,B
8780-IHCRN,B
4598-ZADCK,A
1257-SXUXQ,A
9681-KYGYB,B
7182-OVLBJ,B
5095-ETBRJ,B
7005-CYUIL,B
4821-WQOYN,A
4730-AWNAU,B
3452-FLHYD,B
2388-LAESQ,B
9531-NSBMR,A
6260-ONULR,B
4389-UEFCZ,A
8711-LOBKY,A
8985-OOPOS,B
8800-ZKRFW,B
2616-FLVQC,B
9968-FFVVH,A
3108-PCCGG,A
8390-FESFV,A
3022-BEXHZ,A
6248-TKCQV,A
6729-GDNGC,A
6198-ZFIOJ,B
5989-OMNJE,A
1291-CUOCY,A
9795-SHUHB,B
3230-IUALN,A
0042-RLHYP,B
4945-RVMTE,A
1866-NXPSP,A
3941-XTSKM,A
1661-CZBAU,B
5158-RIVOP,B
9788-YTFGE,B
9277-JOOMO,A
1907-YLNYW,A
8947-YRTDV,B
3161-ONRWK,B
0114-RSRRW,B
4565-NLZBV,B
6682-VCIXC,B
6475-VHUIZ,A
3910-MRQOY,B
0661-WCQNQ,A
7537-RBWEA,B
4656-CAURT,A
0121-SNYRK,A
3733-LSYCE,A
6265-FRMTQ,B
2017-CCBLH,B
7690-KPNCU,A
0536-BGFMZ,B
2293-IJWPS,B
5469-NUJUR,A
2625-TRCZQ,B
4102-HLENU,A
7266-GSSJX,B
7722-VJRQD,A
7073-QETQY,A
5624-RYAMH,B
0196-JTUQI,A
7130-YXBRO,A
9272-LSVYH,A
3084-DOWLE,B
1084-MNSMJ,A
4238-HFHSN,B
6250-CGGUN,B
5478-JJVZK,B
7596-IIWYC,B
9793-WECQC,B
4291-HPAXL,B
8999-YPYBV,B
1839-FBNFR,A
3071-MVJCD,A
1697-BCSHV,A
0562-KBDVM,A
1131-SUEKT,A
3717-OEAUQ,B
4538-WNTMJ,A
9432-RUVSL,A
8060-HIWJJ,B
7684-XSZIY,A
9089-UOWJG,A
8039-ACLPL,B
9885-AIBVB,A
1934-MKPXS,B
2592-YKDIF,B
2272-JKMSI,B
8714-CTZJW,B
3569-EDBPQ,A
3131-NWVFJ,A
7521-YXVZY,A
2373-NTKOD,A
1970-KKFWL,B
9337-SRRNI,B
0895-UADGO,A
5678-VFNEQ,A
5977-CKHON,A
2692-BUCFV,A
1830-GGFNM,A
5302-BDJNT,B
5223-UZAVK,B
4859-ZSRDZ,B
5651-WYIPH,B
9350-VLHMB,B
3498-LZGQZ,B
8785-CJSHH,B
3870-SPZSI,A
7560-QRBXH,B
7077-XJMET,A
8752-GHJFU,A
6896-SRVYQ,B
4652-ODEVH,B
6510-UPNKS,B
6718-BDGHG,A
9046-DQMTP,B
6439-LAJXL,B
9052-VKDUW,B
1666-JZPZT,B
5777-KJIRB,A
7677-SJJJK,B
2480-EJWYP,B
3253-HKOKL,A
7055-HNEOJ,A
5514-YQENT,B
3211-AAPKX,B
8445-DNBAE,A
2958-NHPPS,B
6806-YDEUL,A
1735-XMJVH,B
6890-PFRQX,B
0222-CNVPT,A
5899-OUVKV,A
8681-ICONS,A
1621-YNCJH,B
6362-QHAFM,B
3070-BDOQC,B
6234-PFPXL,B
9824-QCJPK,A
4283-IVYCI,B
1866-OBPNR,B
8205-MQUGY,B
8970-ANWXO,B
9480-BQJEI,A
6979-TNDEU,A
9777-WJJPR,B
9495-SKLKD,A
6048-UWKAL,B
5067-DGXLL,B
6281-FKEWS,B
8898-KASCD,A
9242-TKFSV,B
9290-SHCMB,B
0743-HNPFG,B
2277-BKJKN,B
5035-PGZXH,B
8695-WDYEA,A
6543-JXSOO,A
8016-ZMGMO,B
8605-ITULD,A
6416-YJTTB,A
4472-VESGY,B
3195-TQDZX,A
3128-YOVTD,A
1728-CXQBE,A
7041-TXQJH,A
5014-GSOUQ,A
5724-BIDBU,B
0481-SUMCB,B
1769-GRUIK,A
8819-WFGGJ,A
7427-AUFPY,A
2811-POVEX,A
7898-PDWQE,A
9972-EWRJS,B
9314-IJWSQ,B
5799-JRCZO,A
1921-KYSAY,A
6198-RTPMF,A
2924-KHUVI,B
1925-GMVBW,A
6184-DYUOB,A
9207-ZPANB,A
9327-QSDED,B
1656-DRSMG,B
3012-VFFMN,B
2984-AFWNC,B
0640-YJTPY,A
8096-LOIST,B
9764-REAFF,A
7107-UBYKY,B
4881-GQJTW,B
7876-DNYAP,A
7905-NJMXS,A
2882-WDTBA,A
2091-GPPIQ,B
5071-FBJFS,A
2796-UUZZO,B
2429-AYKKO,A
9798-OPFEM,A
3794-NFNCH,A
5193-QLVZB,B
7114-AEOZE,B
5522-NYKPB,A
9957-YODKZ,A
6518-KZXCB,A
2245-ADZFJ,A
7776-QGYJC,B
9313-QOLTZ,B
4672-FOTSD,A
9818-XQCUV,B
7338-ERIVA,A
8259-NFJTV,A
3223-DWFIO,B
6968-GMKPR,A
4751-ERMAN,B
1436-ZMJAN,B
3292-PBZEJ,A
0799-DDIHE,B
3070-FNFZQ,A
2812-SFXMJ,B
5014-WUQMG,B
5312-TSZVC,B
0993-OSGPT,A
7108-DGVUU,B
2782-JEEBU,B
5127-BZENZ,A
2720-FVBQP,B
9906-NHHVC,B
4522-XRWWI,A
3766-EJLFL,A
5939-SXWHM,A
8152-UOBNY,B
7351-KYHQH,A
7643-RCHXS,A
8246-SHFGA,A
0620-XEFWH,A
6485-QXWWE,A
7321-VGNKU,B
5327-CNLUQ,A
7552-KEYGT,B
5816-JMLGY,B
2927-QRRQV,B
6265-SXWBU,A
7941-RCJOW,B
6374-NTQLP,B
2387-KDZQY,A
3584-WKTTW,A
3399-BMLVW,A
1971-DTCZB,B
3374-PZLXD,B
3813-DHBBB,A
2812-REYAT,A
6518-PPLMZ,B
4939-KYYPY,B
5930-GBIWP,B
6022-KOUQO,A
2361-UPSND,B
6035-RIIOM,A
9504-DSHWM,A
5035-BVCXS,A
6267-DCFFZ,B
3533-UVMOM,B
2439-LYPMQ,A
1478-VPOAD,A
9995-HOTOH,B
2988-PLAHS,B
1371-OJCEK,B
4999-IEZLT,B
8883-ANODQ,B
2351-RRBUE,B
5980-BDHPY,B
1498-DQNRX,A
9469-WEJBT,B
2581-VKIRT,A
7426-WEIJX,B
2851-MMUTZ,B
3307-TLCUD,B
6625-FLENO,B
2967-MXRAV,A
8189-HBVRW,A
4163-KIUHY,B
3500-NSDOA,A
1171-TYKUR,A
3761-FLYZI,A
1219-NNDDO,A
8388-DMKAE,B
4403-BWPAY,A
9659-QEQSY,A
5405-ZMYXQ,A
1442-OKRJE,A
4737-AQCPU,A
2808-CHTDM,B
0793-TWELN,A
3283-WCWXT,B
1060-ENTOF,A
0999-QXNSA,A
5451-MHQOF,A
4836-WNFNO,A
9225-BZLNZ,A
0354-VXMJC,A
4422-QVIJA,B
9365-SRSZE,B
8332-OSJDW,B
4735-BJKOU,A
0274-JKUJR,A
5740-YHGTW,A
8917-SZTTJ,A
1696-MZVAU,B
7359-WWYJV,B
4906-ZHGPK,A
3795-GWTRD,B
1298-PHBTI,B
6223-DHJGV,A
6961-MJKBO,A
8158-WPEZG,A
4918-FYJNT,B
0727-BNRLG,A
4854-CIDCF,B
3280-MRDOF,B
6435-SRWBJ,B
9964-WBQDJ,B
6303-KFWSL,A
1702-CCFNJ,B
8932-CZHRQ,A
0386-CWRGM,A
5515-RUGKN,A
0404-AHASP,A
7279-NMVJC,A
2081-VEYEH,A
6407-UTSLV,A
9060-HJJRW,A
2587-YNLES,A
7398-SKNQZ,A
5935-FCCNB,A
1958-RNRKS,A
5136-RGMZO,A
8345-MVDYC,A
8226-BXGES,B
9705-IOVQQ,B
1015-OWJKI,A
2040-XBAVJ,B
8887-IPQNC,A
8646-JCOMS,B
1222-KJNZD,A
0106-GHRQR,A
3768-VHXQO,B
8952-WCVCD,A
2418-TPEUN,B
3963-RYFNS,A
8540-ZQGEA,B
1320-REHCS,A
4137-JOPHL,B
7801-CEDNV,B
2057-BOYKM,B
3658-QQJYD,A
1803-BGNBD,B
0134-XWXCE,A
6950-TWMYB,A
5848-FHRFC,A
2243-FNMMI,A
2511-MORQY,A
5356-KZCKT,A
9470-XCCEM,A
6519-CFDBX,B
3902-MIVLE,A
0409-WTMPL,B
8763-KIAFH,A
3669-WHAFY,B
3055-VTCGS,B
3144-KMTWZ,B
2007-QVGAW,A
5207-PLSTK,B
2307-FYNNL,B
5605-XNWEN,B
2155-AMQRX,B
6181-AXXYF,A
5091-HFAZW,B
2519-LBNQL,B
8623-ULFNQ,B
1568-LJSZU,B
7789-HKSBS,A
7416-CKTEP,B
2586-CWXVV,A
2348-KCJLT,B
8401-EMUWF,A
4193-IBKSW,A
5377-NDTOU,B
2474-LCNUE,B
0839-QNXME,A
3506-OVLKD,B
6650-VJONK,B
2178-PMGCJ,B
7492-TAFJD,A
2773-MADBQ,B
6016-LVTJQ,A
7860-KSUGX,A
8966-KZXXA,A
5149-QYTTU,B
2070-XYMFH,B
2085-BOJKI,B
0817-HSUSE,B
5442-PPTJY,A
1927-QEWMY,A
1663-MHLHE,A
5663-QBGIS,A
4450-MDZFX,B
6701-DHKWQ,A
7554-AKDQF,B
0794-YVSGE,A
5423-BHIXO,A
6908-VVYHM,A
2959-EEXWB,A
1839-UMACK,A
3030-YDNRM,B
7321-KKSDU,A
3402-XRIUO,B
8286-AFUYI,A
8356-WUAOJ,A
8058-DMYRU,A
9350-ZXYJC,B
8958-JPTRR,B
6959-GQEGV,B
3173-WSSUE,A
1265-HVPZB,B
4115-UMJFQ,B
7369-TRPFD,B
1098-KFQEC,B
7190-XHTWJ,A
3537-RYBHH,B
5296-BFCYD,A
9359-JANWS,B
3279-DYZQM,A
0523-VNGTF,B
9575-IWCAZ,A
7105-MXJLL,B
7064-FRRSW,B
7940-UQQUG,B
3961-SXAXY,A
7010-BRBUU,A
3566-HJGPK,A
3062-ICYZQ,B
9938-PRCVK,B
0973-KYVNF,B
5129-HHMZC,A
9637-CDTKZ,A
3946-JEWRQ,B
7873-CVMAW,A
0463-WZZKO,B
4524-QCSSM,A
5832-EXGTT,B
2039-JONDJ,B
7217-JYHOQ,A
6695-FRVEC,A
9894-QMIMJ,B
8069-YQQAJ,A
1636-NTNCO,B
3466-WAESX,A
9281-PKKZE,A
3638-VBZTA,B
7459-IMVYU,A
8563-OYMQY,B
0754-EEBDC,A
5777-ZPQNC,B
1951-IEYXM,A
3318-NMQXL,A
1022-RKXDR,A
2361-FJWNO,B
2272-UOINI,B
8232-UTFOZ,A
3750-YHRYO,A
6637-KYRCV,B
5668-MEISB,A
0129-QMPDR,A
7188-CBBBA,B
5356-CSVSQ,A
3221-CJMSG,B
3219-JQRSL,B
2801-NISEI,A
4623-ZKHLY,A
6732-VAILE,B
8201-AAXCB,B
7696-CFTAT,A
1845-CSBRZ,B
2123-VSCOT,B
2018-QKYGT,B
2792-VPPET,B
7409-JURKQ,B
3247-MHJKM,B
1964-SVLEA,A
7297-DVYGA,A
2239-CGBUZ,A
0854-UYHZD,B
7243-LCGGZ,B
8267-KFGYD,A
4890-VMUAV,A
9261-WDCAF,B
3764-MNMOI,B
7442-YGZFK,B
8229-BUJHX,B
7449-HVPIV,A
5504-WSIUR,B
8466-PZBLH,A
8735-IJJEG,B
0564-MUUQK,B
0701-RFGFI,A
0019-EFAEP,A
5619-PTMIK,B
3737-XBQDD,B
5882-CMAZQ,B
5846-QFDFI,B
4445-KWOKW,B
3511-APPBJ,B
7967-HYCDE,A
2430-RRYUW,B
3723-BFBGR,B
5447-WZAFP,A
5110-CHOPY,A
4425-OWHWB,A
7892-QVYKW,A
9675-ICXCT,A
4703-MQYKT,A
5692-ICXLW,B
0602-DDUML,B
2208-MPXIO,B
1960-UYCNN,B
3190-FZATL,A
7336-RLLRH,A
7710-JSYOA,A
9885-MFVSU,B
0607-MVMGC,A
3365-SAIGS,A
8022-BECSI,B
9993-LHIEB,B
0266-CLZKZ,A
7020-OZKXZ,A
3977-QCRSL,A
0017-DINOC,B
7639-OPLNG,A
1492-QGCLU,A
7328-OWMOM,A
4418-LZMSV,B
5155-AZQPB,B
1087-GRUYI,B
2546-KZAAT,A
0181-RITDD,A
5989-PGKJB,B
8272-ONJLV,A
1488-PBLJN,B
0308-GIQJT,B
3778-FOAQW,B
4452-ROHMO,B
3090-LETTY,B
5349-AZPEW,A
9720-JJJOR,A
8100-HZZLJ,A
8775-ERLNB,A
8309-IEYJD,A
7398-HPYZQ,B
3546-GHEAE,A
7361-YPXFS,A
6557-BZXLQ,A
2550-QHZGP,A
7519-JTWQH,A
2538-OIMXF,B
8543-MSDMF,A
1170-SASML,A
4872-JCVCA,A
5346-BZCHP,A
2038-LLMLM,A
1216-BGTSP,B
4138-NAXED,A
0744-BIKKF,A
7483-IQWIB,B
5248-KWLAR,B
7996-MHXLW,B
7833-PKIHD,B
7061-OVMIM,B
5153-RTHKF,B
1852-QSWCD,A
4832-VRBMR,B
9079-LWTFD,A
3392-EHMNK,B
5986-WWXDV,A
3061-BCKYI,B
7901-TBKJX,A
7228-PAQPD,A
7746-QYVCO,B
5804-HYIEZ,A
9919-FZDED,A
5934-TSSAU,A
3486-KHMLI,A
6784-XYJAE,B
3933-DQPWX,B
6661-EIPZC,A
8957-THMOA,B
2251-PYLPB,B
5555-RNPGT,B
1057-FOGLZ,A
8087-LGYHQ,A
4137-BTIKL,A
2190-BCXEC,A
6227-FBDXH,B
2911-WDXMV,A
7206-PQBBZ,B
4547-FZJWE,A
7422-WNBTY,A
0842-IWYCP,A
3521-HTQTV,A
3744-ZBHON,A
3373-DIUUN,B
8383-SGHJU,A
7607-QKKTJ,B
7707-PYBBH,A
8984-HPEMB,B
4139-DETXS,A
9779-DPNEJ,B
9805-FILKB,B
5793-YOLJN,A
0673-IGUQO,B
4123-FCVCB,A
8819-IMISP,B
8311-UEUAB,B
5858-EAFCZ,B
1163-ONYEY,B
5656-MJEFC,A
6082-OQFBA,B
8974-OVACP,A
4010-YLMVT,B
1379-FRVEB,A
8612-GXIDD,A
6288-CHQJB,A
8160-HOWOX,B
6648-INWPS,A
4223-BKEOR,A
4079-VTGLK,B
1763-WQFUK,B
1391-UBDAR,A
8894-JVDCV,B
2023-VQFDL,B
1345-GKDZZ,A
2014-MKGMH,B
5628-FCGYG,A
2560-WBWXF,B
0248-IPDFW,B
7978-DKUQH,B
4335-UPJSI,B
1784-EZDKJ,B
9297-FVVDH,B
8007-YYPWD,A
7101-HRBLJ,B
6635-CPNUN,B
5453-YBTWV,A
5039-LZRQT,A
2931-VUVJN,A
6418-PIQSP,B
8220-OCUFY,A
3995-WFCSM,B
1895-QTKDO,B
2038-OEQZH,A
1178-PZGAB,A
2626-VEEWG,B
2878-RMWXY,B
1657-DYMBM,B
7311-MQJCH,A
7375-WMVMT,B
1136-XGEQU,A
2530-FMFXO,A
6844-DZKRF,A
5970-GHJAW,A
8879-XUAHX,B
3689-MOZGR,A
4195-PNGZS,B
5003-XZWWO,A
7622-FWGEW,A
6922-NCEDI,A
9891-NQDBD,A
6131-IUNXN,B
8548-AWOFC,B
9798-DRYDS,B
8532-UEFWH,A
6296-DDOOR,A
7951-VRDVK,A
4815-YOSUK,B
0380-NEAVX,A
4365-MSDYN,A
7036-TYDEC,B
5802-ADBRC,A
8076-FEZKJ,B
5197-YPYBZ,A
4312-GVYNH,A
8495-LJDFO,B
0839-JTCUD,A
5494-WOZRZ,A
1302-UHBDD,B
2234-EOFPT,A
8619-IJNDK,A
8378-LKJAF,B
1153-GNOLC,A
3298-QEICA,A
0788-DXBFY,A
3597-YASZG,B
3496-LFSZU,B
5242-UOWHD,B
6479-SZPLM,A
8097-VBQTZ,A
4500-HKANN,A
9917-KWRBE,B
3420-ZDBMA,B
2212-LYASK,A
1393-IMKZG,B
8069-RHUXK,A
3398-GCPMU,A
2908-WGAXL,B
3378-AJRAO,B
1013-QCWAM,A
6050-FFXES,B
0362-RAOQO,A
9554-DFKIC,B
5527-ACHSO,B
0829-DDVLK,B
1399-UBQIU,B
1813-JLKWR,A
0336-PIKEI,A
7322-OCWHC,A
9537-VHDTA,B
4957-TIALW,A
2054-PJOCK,A
9150-HEPMB,A
9030-QGZNL,B
3126-WQMGH,B
7176-WRTNX,A
5732-IKGQH,A
9239-GZHZE,A
7205-BAIAD,A
0093-EXYQL,A
8064-RAVOH,B
0219-QAERP,B
9168-INPSZ,A
0015-UOCOJ,A
5334-AFQJB,B
2754-SDJRD,A
8963-JLGJT,B
1465-LNTLJ,B
2135-DQWAQ,B
4056-QHXHZ,A
7401-JIXNM,A
9339-FIIJL,B
4706-DGAHW,B
6670-MFRPK,B
6177-PEVRA,B
4813-HQMGZ,B
7579-KKLOE,A
8402-EIVQS,A
4947-DSMXK,B
7245-NIIWQ,B
0002-ORFBO,A
3324-OIRTO,A
5414-OFQCB,B
4967-WPNCF,B
8552-OBVRU,B
8499-BRXTD,A
9154-QDGTH,B
8197-BFWVU,A
2577-GVSIL,B
9367-OIUXP,A
6770-UAYGJ,A
6463-HHXJR,B
7928-VJYAB,B
1187-WILMM,B
9776-OJUZI,B
1306-RPWXZ,A
3097-PYWXL,A
2266-SJNAT,A
0869-PAPRP,A
4238-JSSWH,A
2972-YDYUW,B
1104-FEJAM,A
2809-ILCYT,B
5499-ECUTN,A
4981-FLTMF,B
9121-PHQSR,B
3113-IWHLC,B
4277-BWBML,A
0234-TEVTT,B
4304-TSPVK,A
1552-AAGRX,B
2637-FKFSY,A
9796-MVYXX,B
7874-ECPQJ,A
0020-INWCK,B
7089-RKVSZ,A
2683-JXWQQ,A
9548-ZMVTX,A
8739-XNIKG,B
9755-JHNMN,A
3981-QSVQI,B
2789-HQBOU,A
9424-CMPOG,B
5067-WJEUN,B
3450-WXOAT,A
9251-WNSOD,A
6974-DAFLI,A
2616-UUTFK,B
7064-JHXCE,A
7989-AWGEH,B
4373-VVHQL,A
4559-UWIHT,A
7268-IGMFD,B
6650-BWFRT,B
9570-KYEUA,A
6993-YGFJV,A
2712-SYWAY,B
0730-BGQGF,A
5498-IBWPI,B
9101-NTIXF,B
0013-SMEOE,B
9314-QDMDW,A
9308-ANMVE,A
3413-DHLPB,A
7649-PHJVR,A
6114-TCFID,A
3787-TRIAL,A
2573-GYRUU,B
5156-UMKOW,B
1247-QBVSH,A
6734-GMPVK,A
9822-OAOVB,A
6161-ERDGD,B
1226-JZNKR,B
7318-EIVKO,B
3771-PZOBW,B
8231-BSWXX,A
6486-LHTMA,A
4083-BFNYK,A
7389-KBFIT,A
7176-WIONM,A
5141-ZUVBH,B
1089-HDMKP,B
7623-HKYRK,A
0310-SUCIN,A
5197-PYEPU,A
6619-RPLQZ,A
3275-RHRNE,A
3503-TYDAY,A
6901-GOGZG,A
7021-XSNYE,B
9621-OUPYD,A
8982-NHAVY,B
4307-KWMXE,B
0141-YEAYS,A
2450-ZKEED,A
3694-DELSO,B
3893-JRNFS,A
9603-OAIHC,A
1133-KXCGE,A
0142-GVYSN,B
1049-FYSYG,B
8406-LNMHF,B
1821-BUCWY,B
0023-UYUPN,A
8314-DPQHL,B
1465-WCZVT,B
9481-SFCQY,B
6360-SVNWV,A
0567-GGCAC,B
8884-MRNSU,B
2171-UDMFD,A
9050-IKDZA,A
9802-CAQUT,B
0187-WZNAB,A
1475-VWVDO,B
1357-MVDOZ,A
7602-MVRMB,B
1197-BVMVG,B
5406-KGRMX,A
5968-HYJRZ,B
5198-EFNBM,A
7516-GMHUV,A
7140-ADSMJ,A
2230-XTUWL,B
7706-YLMQA,A
2585-KTFRE,B
7994-UYIVZ,B
7717-BICXI,B
6559-RAKOZ,B
4716-MRVEN,B
2143-LJULT,B
3200-MNQTF,B
6164-HXUGH,B
5630-IXDXV,A
0320-DWVTU,B
9135-MGVPY,B
1212-GLHMD,A
7878-JGDKK,B
1088-AUUZZ,B
6614-YWYSC,A
9588-OZDMQ,B
6476-EPYZR,B
1174-FGIFN,B
6620-HVDUJ,B
1032-MAELW,B
7641-TQFHN,A
1552-TKMXS,B
8622-ZLFKO,B
6188-UXBBR,B
2333-KWEWW,A
5702-SKUOB,A
1134-YWTYF,A
6061-GWWAV,A
0679-TDGAK,B
6585-WCEWR,A
9067-YGSCA,B
9067-SQTNS,A
1776-SPBWV,A
8735-SDUFN,A
9668-PUGNU,A
9405-GPBBG,B
1926-QUZNN,A
7016-NVRIC,B
5829-NVSQN,A
9565-AXSMR,A
8869-LIHMK,A
0447-RXSGD,B
4927-WWOOZ,A
5788-YPOEG,A
0661-KBKPA,B
9081-WWXKP,B
0784-ZQJZX,B
3133-PZNSR,A
0722-SVSFK,A
3612-YVGSJ,B
9825-YCXWZ,A
5397-NSKQG,B
8565-HBFNN,B
2000-DHJUY,A
8670-ERCJH,B
7758-UJWYS,A
2050-ONYDQ,A
7055-JCGNI,B
0739-UUAJR,A
4826-DXMUP,A
7285-KLOTR,B
0654-PQKDW,A
7175-NTIXE,A
7963-SHNDT,B
9796-BPKIW,A
0188-GWFLE,A
8129-GMVGI,A
2882-DDZPG,B
3547-LQRIK,B
9137-NOQKA,A
5843-TTHGI,A
1849-RJYIG,B
8868-GAGIO,B
4061-UKJWL,B
5380-XPJNZ,B
8263-QMNTJ,B
3230-JCNZS,B
0277-ORXQS,B
7996-BPXHY,B
3227-WLKLI,B
2266-FUBDZ,B
8237-ULIXL,A
8216-AZUUZ,A
9153-BTBVV,B
5186-PEIZU,B
1074-AMIOH,A
4361-FEBGN,A
7748-UMTRK,B
0380-ZCSBI,A
7145-FEJWU,B
6463-MVYRY,A
3969-JQABI,A
9624-EGDEQ,B
1051-EQPZR,A
5849-ASHZJ,B
5780-INQIK,A
4526-ZJJTM,A
8384-FZBJK,A
3750-RNQKR,B
0962-CQPWQ,B
3096-YXENJ,A
1265-BCFEO,A
5837-LXSDN,A
5945-AZYHT,B
8325-QRPZR,B
6384-VMJHP,B
2262-SLNVK,A
7730-CLDSV,B
1135-HIORI,A
0164-APGRB,A
6481-ESCNL,A
1790-NESIO,A
1550-EENBN,B
8198-RKSZG,A
9297-EONCV,A
1069-QJOEE,B
7799-DSEWS,B
8766-PAFNE,A
5315-CKEQK,B
3130-ICDUP,A
0820-FNRNX,A
0880-FVFWF,A
4611-ANLQC,B
4213-HKBJO,A
2792-LSHWX,A
0014-BMAQU,B
9018-PCIOK,B
4837-QUSFT,A
9953-ZMKSM,B
0907-HQNTS,B
7665-NKLAV,A
4391-LNRXK,A
8250-ZNGGW,A
8562-GHPPI,A
5893-PYOLZ,A
4986-MXSFP,B
6131-FOYAS,B
3027-YNWZU,A
5609-IMCGG,B
4727-MCYZG,B
9481-WHGWY,B
4328-VUFWD,A
3301-LSLWQ,A
7473-ZBDSN,A
3166-PNEOF,B
5639-NTUPK,A
8780-YRMTT,B
5140-FOMCQ,A
6242-SGYTS,A
8166-ORCHU,B
8414-OOEEL,B
8454-AATJP,B
4531-AUZNK,A
4191-XOVOM,B
2150-OEGBV,A
1855-CFULU,B
4878-BUNFV,B
1872-EBWSC,A
7026-YMSBE,B
6997-UVGOX,B
9674-EHPPG,B
5440-VHLUL,A
5781-BKHOP,A
5213-TWWJU,B
8628-MFKAX,B
7629-WIXZF,A
5445-GLVOT,A
3976-HXHCE,B
2466-NEJOJ,B
0254-KCJGT,A
5472-CVMDX,A
6461-SZMCV,B
8150-QUDFX,A
9508-ILZDG,B
2346-DJQTB,A
1697-LYYYX,B
1942-OQFRW,A
9640-ZSLDC,B
4231-LZUYM,A
6128-AQBMT,B
3594-BDSOA,B
5133-VRSAB,B
5996-DAOQL,A
6838-YAUVY,B
0484-JPBRU,B
7883-ROJOC,B
0244-LGNFY,A
7274-CGTOD,B
4295-YURET,A
4635-EJYPD,B
1866-ZSLJM,A
4636-TVXVG,A
4236-UJPWO,A
9392-XBGTD,A
6402-SSEJG,A
1169-SAOCL,A
1110-KYLGQ,B
9929-PLVPA,B
3518-PZXZQ,B
2371-JUNGC,B
7693-QPEFS,B
0924-BJCRC,A
5074-FBGHB,A
2351-BKRZW,A
4455-BFSPD,A
3948-KXDUF,A
2323-ARSVR,A
0815-MFZGM,A
5480-XTFFL,A
8295-FHIVV,B
9086-YJYXS,A
1179-INLAT,B
7909-FIOIY,A
6351-SCJKT,B
5468-BPMMO,A
0197-PNKNK,A
2439-QKJUL,B
1194-SPVSP,A
9534-NSXEM,A
8929-KSWIH,B
2250-IVBWA,A
1810-MVMAI,B
9506-UXUSK,A
1229-RCALF,B
3572-UOLYZ,A
1429-UYJSV,B
6366-XIVKZ,A
3470-OBUET,B
2770-NSVDG,B
9375-MHRRS,B
4860-YZGZM,A
6599-GZWCM,B
5533-NHFRF,B
7037-MTYVW,A
4760-THGOT,A
4016-BJKTZ,A
6584-VQMYT,B
9838-BFCQT,B
2790-XUYMV,B
0581-MDMPW,A
1023-BQXZE,A
9163-GHAYE,A
3904-UKFRE,B
5353-WILCI,B
0058-EVZWM,B
7009-PCARS,A
0519-DRGTI,B
1017-FBQMM,B
1985-MBRYP,A
9372-TXXPS,B
3259-QMXUN,A
1015-JPFYW,B
6645-MXQJT,B
4360-QRAVE,A
8433-WPJTV,A
5804-JMYIO,A
6484-LATFU,B
7599-NTMDP,A
0536-ACXIP,B
0936-NQLJU,A
1575-KRZZE,B
3251-YMVWZ,B
4884-LEVMQ,B
8857-CUPFQ,B
7610-TVOPG,B
3638-DIMPH,A
1845-ZLLIG,A
8559-WNQZS,A
1699-UOTXU,B
0635-WKOLD,A
5993-JSUWV,A
4518-FZBSX,B
5387-ASZNZ,B
6988-CJEYV,B
3097-FQTVJ,B
5465-BUBFA,B
7299-GNVPL,B
9743-DQKQW,A
1215-VFYVK,A
9371-BITHB,B
9093-FPDLG,B
0541-FITGH,A
6985-HAYWX,A
7508-KBIMB,B
6838-HVLXG,A
2277-DJJDL,A
1897-OKVMW,B
5485-ITNPC,B
0233-FTHAV,B
4644-PIZRT,A
8922-NPKBJ,B
2740-TVLFN,B
7771-CFQRQ,A
9512-PHSMG,A
6963-EZQEE,A
2452-KDRRH,A
4146-SVFUD,B
1564-HJUVY,A
3617-XLSGQ,B
7517-LDMPS,A
7244-KXYZN,A
5226-NOZFC,A
1400-WIVLL,A
8148-NLEGT,B
8347-GDTMP,A
6746-WAUWT,A
0428-IKYCP,A
2187-PKZAY,B
4003-OCTMP,B
6652-YFFJO,B
7225-IILWY,B
5248-RPYWW,B
7923-IYJWY,A
3170-GWYKC,A
9830-ECLEN,B
2668-TZSPS,A
7446-SFAOA,B
9522-ZSINC,B
8234-GSZYK,A
6505-OZNPG,A
6164-HAQTX,A
7765-LWVVH,A
1658-TJVOA,A
0953-LGOVU,A
4692-NNQRU,A
7742-MYPGI,A
9619-GSATL,B
5622-UEJFI,A
0674-DGMAQ,B
6203-HBZPA,A
0484-FFVBJ,A
0301-FIDRB,B
4139-JPIAM,A
2181-TIDSV,B
2761-XECQW,A
1936-CZAKF,B
9453-PATOS,A
4402-FTBXC,B
2931-XIQBR,A
0106-UGRDO,A
5542-TBBWB,A
1930-QPBVZ,B
2606-PKWJB,B
5322-ZSMZY,A
8059-UDZFY,B
7740-BTPUX,B
5220-AGAAX,B
0208-BPQEJ,B
9435-JMLSX,B
3352-ALMCK,B
5312-IRCFR,B
5294-IMHHT,A
6176-YJWAS,B
5310-NOOVA,A
4526-EXKKN,A
5311-IHLEI,B
3987-KQDDU,B
3404-JNXAX,A
5131-PONJI,A
3489-VSFRD,A
3345-JHUEO,A
5815-HGGHV,A
5260-UMPWX,B
5649-RXQTV,A
2674-MIAHT,B
2576-HXMPA,B
7587-AOVVU,A
6898-MDLZW,B
4707-YNOQA,B
9357-UJRUN,B
8648-PFRMP,B
7663-CUXZB,B
0258-NOKBL,B
1163-VIPRI,A
9348-ROUAI,A
9443-JUBUO,B
3043-TYBNO,A
4830-FAXFM,A
5906-BFOZT,A
2960-NKRSO,A
8996-ZROXE,A
5598-IKHQQ,B
0397-ZXWQF,B
5266-PFRQK,A
4674-HGNUA,A
6765-MBQNU,A
9786-IJYDL,B
1303-SRDOK,B
3769-MHZNV,A
6295-OSINB,B
3308-MHOOC,B
2207-QPJED,A
4177-JPDFU,B
2239-CFOUJ,B
8046-DNVTL,B
2209-XADXF,B
6620-JDYNW,B
4770-UEZOX,B
1038-RQOST,A
4568-TTZRT,A
9513-DXHDA,B
0516-QREYC,A
8084-OIVBS,A
8896-BQTTI,A
3865-QBWSJ,B
3352-RICWQ,A
2160-GPFXD,A
2065-MMKGR,B
5857-TYBCJ,B
1498-NHTLT,A
1402-PTHGN,B
4176-RELJR,A
5199-FPUSP,A
6377-KSLXC,A
1796-JANOW,A
0238-WHBIQ,B
8735-NBLWT,B
6651-RLGGM,A
1614-JBEBI,A
5696-EXCYS,B
5795-KTGUD,A
7924-GJZFI,B
4702-HDRKD,B
8512-WIWYV,A
5897-ZYEKH,A
5456-ITGIC,B
1406-PUQVY,B
9114-AAFQH,B
8715-KKTFG,B
1728-BQDMA,A
5117-ZSMHQ,A
5151-HQRDG,A
0960-HUWBM,B
6465-GSRCL,B
0263-FJTQO,B
7319-ZNRTR,B
7503-EPSZW,B
7089-XXAYG,B
8070-AAWZP,A
1666-JXLKU,B
7855-DIWPO,B
5133-POWUA,A
5652-MSDEY,A
1810-BOHSY,A
1784-BXEFA,B
7351-MHQVU,B
9224-VTYID,A
9500-IWPXQ,A
5762-TJXGK,B
4504-YOULA,A
5569-IDSEY,A
7284-ZZLOH,B
1777-JYQPJ,B
3401-URHDA,B
1599-EAHXY,A
8631-XVRZL,B
3853-LYGAM,B
5751-USDBL,B
5680-LQOGP,A
8189-DUKMV,B
9931-DCEZH,B
1898-JSNDC,A
0315-LVCRK,B
3911-RSNHI,A
2410-CIYFZ,A
5505-OVWQW,A
7271-AJDTL,A
1867-TJHTS,B
6860-YRJZP,B
4429-WYGFR,B
2817-LVCPP,A
5038-ETMLM,B
5056-FIMPT,B
4521-WFJAI,A
6569-KTMDU,B
8809-XKHMD,A
0396-YCHWO,B
0867-LDTTC,B
9391-DXGGG,A
9844-FELAJ,A
2122-SZZZD,B
3148-AOIQT,B
8395-ETZKQ,B
6692-YQHXC,B
3889-VWBID,B
5222-JCXZT,B
9754-CLVZW,B
2739-CCZMB,A
7080-TNUWP,B
0496-AHOOK,A
8336-TAVKX,B
2468-SJFLM,B
3181-VTHOE,A
7168-HDQHG,B
4567-AKPIA,B
7901-HXJVA,B
5924-IFQTT,B
7968-QUXNS,A
8903-WMRNW,A
2452-SNHFZ,A
3629-WEAAM,A
6029-CSMJE,B
7993-NQLJE,A
9909-DFRJA,B
9099-FTUHS,A
0581-BXBUB,B
4962-CHQPW,B
9467-ROOLM,A
5150-ITWWB,A
2253-KPMNB,A
1345-ZUKID,B
6429-SHBCB,B
9281-OFDMF,B
2603-HVKCG,A
1834-WULEG,B
9097-ZUBYC,B
5148-ORICT,B
4893-GYUJU,A
4578-PHJYZ,A
7272-QDCKA,B
8908-SLFCJ,A
9766-HGEDE,B
6968-MHOMU,A
5044-XDPYX,A
1814-WFGVS,A
3721-WKIIL,A
6734-CKRSM,B
1265-ZFOSD,B
6568-POCUI,B
5197-LQXXH,B
3457-PQBYH,A
7682-AZNDK,B
5384-ZTTWP,A
3745-HRPHI,B
7636-OWBPG,B
1231-YNDEK,A
1407-DIGZV,B
0570-BFQHT,A
4393-OBCRR,B
8564-LDKFL,B
3696-DFHHB,B
4717-GHADL,B
5501-TVMGM,A
5879-HMFFH,A
6772-WFQRD,B
3810-DVDQQ,B
6972-SNKKW,A
3694-GLTJM,A
8550-XSXUQ,A
9055-MOJJJ,A
4359-INNWN,B
0585-EGDDA,B
4032-RMHCI,A
0549-CYCQN,A
3481-JHUZH,B
3594-IVHJZ,A
6869-FGJJC,B
3896-ZVNET,A
8205-VSLRB,B
5960-MVTUK,A
6817-WTYHE,B
3082-VQXNH,A
4931-TRZWN,A
0750-EKNGL,B
7669-LCRSD,A
3567-PQTSO,A
8043-PNYSD,A
9938-EKRGF,A
2703-AMTUL,B
0928-JMXNP,A
8173-RXAYP,B
4825-XJGDM,A
5402-HTOTQ,B
6734-JDTTV,B
7850-THJMU,A
3890-RTCMS,A
3717-FDJFU,A
3665-JATSN,A
7966-YOTQW,B
8853-TZDGH,B
4324-BZCKL,A
6924-TDGMT,B
1536-YHDOE,A
8123-QBNAZ,A
3629-ZNKXA,A
4827-LTQRJ,B
7711-YIJWC,B
5482-VXSXJ,B
7365-BVCJH,A
9620-ENEJV,A
2378-YIZKA,A
0689-DSXGL,A
6818-DJXAA,B
0464-WJTKO,A
8902-ZEOVF,B
6778-EICRF,B
2662-NNTDK,B
4132-KALRO,B
2874-YXVVA,A
1245-HARPS,A
4323-ELYYB,B
4293-ETKAP,B
6064-PUPMC,B
6504-VBLFL,A
6322-PJJDJ,A
0330-BGYZE,B
1085-LDWAM,B
7586-ZATGZ,A
7197-VOJMM,B
1843-TLSGD,B
9626-VFRGG,A
7075-BNDVQ,A
9143-CANJF,B
7284-BUYEC,A
2041-JIJCI,B
4900-MSOMT,A
2229-VWQJH,A
9194-GFVOI,B
1336-EZFZY,A
4282-MSACW,B
1403-LKLIK,B
0136-IFMYD,A
5144-TVGLP,A
9643-AVVWI,A
0253-ZTEOB,A
2706-QZIHY,B
6061-PQHMK,A
6137-MFAJN,B
9122-UMROB,B
4232-JGKIY,A
2402-TAIRZ,B
9659-ZTWSM,B
9139-TWBAS,B
6685-GBWJZ,A
2195-VVRJF,A
3913-RDSJZ,A
4203-QGNZA,A
5043-TRZWM,B
9494-BDNNC,A
1640-PLFMP,B
5366-OBVMR,A
4573-JKNAE,A
9817-APLHW,A
8380-MQINP,A
0840-DFEZH,A
8690-ZVLCL,A
1125-SNVCK,B
0384-LPITE,A
4616-EWBNJ,A
1335-HQMKX,B
2545-EBUPK,A
6923-AQONU,A
2172-EJXVF,B
4536-PLEQY,A
7029-IJEJK,A
8871-JLMHM,A
5447-VYTKW,A
3623-FQBOX,A
8659-HDIYE,A
3474-BAFSJ,A
3865-ZFZIB,B
1855-AGAWH,A
7109-CQYUZ,A
1370-GGAWX,A
4680-KUTAJ,A
5307-UVGNB,B
2883-ILGWO,B
3642-BYHDO,B
9629-NHXFW,A
2696-RZVZW,B
5766-FTRTS,B
0396-HUJBP,A
8879-ZKJOF,B
6285-FTQBF,B
1474-JUWSM,A
3530-CRZSB,B
8498-XXGWA,B
9617-INGJY,B
0621-TSSMU,B
7234-KMNRQ,A
7636-PEPNS,A
4683-WYDOU,B
9052-DHNKM,A
6794-HKIAJ,B
5578-NKCXI,A
1642-HMARX,B
3096-WPXBT,A
8434-PNQZX,A
5950-AAAGJ,A
4299-OPXEJ,B
9618-LFJRU,B
6693-DJWTY,B
0744-GKNGE,A
6447-EGDIV,B
1167-OYZJF,B
4806-DXQCE,B
4854-SSLTN,A
5294-DMSFH,B
4837-PZTIC,A
0603-OLQDC,B
3272-VUHPV,A
4176-FXYBO,B
1063-DHQJF,B
8663-UPDGF,B
6719-FGEDO,B
1837-YQUCE,A
0369-ZGOVK,A
9919-KNPOO,B
7872-BAAZR,A
9391-LMANN,A
8174-TBVCF,A
1698-XFZCI,B
1877-HKBQX,B
4450-DLLMH,B
0428-AXXLJ,B
2746-DIJLO,B
3508-VLHCZ,B
4086-ATNFV,B
0468-YRPXN,A
5996-NRVXR,A
3739-YBWAB,B
7047-FWEYA,A
2000-MPKCA,A
9762-YAQAA,A
5473-KHBPS,A
0100-DUVFC,B
5397-TUPSH,A
8950-MTZNV,A
0326-VDYXE,B
6773-LQTVT,A
0436-TWFFZ,A
8566-YPRGL,A
6609-MXJHJ,A
2669-OIDSD,A
8400-WZICQ,A
9576-SYUHJ,B
0410-IPFTY,A
2831-EBWRN,B
9430-NKQLY,A
0247-SLUJI,B
9402-ORRAH,B
6483-OATDN,B
1293-HHSHJ,A
4840-ORQXB,A
3982-DQLUS,A
8610-ZIKJJ,B
3756-VNWDH,A
7801-KICAO,A
7673-LPRNY,B
6060-QBMGV,A
7339-POGZN,A
2828-SLQPF,A
4465-VDKIQ,B
2921-XWDJH,A
2558-BUOZZ,A
9257-AZMTZ,B
0003-MKNFE,A
0975-UYDTX,B
4682-BLBUC,B
0975-VOOVL,B
5968-VXZLG,A
5201-FRKKS,A
9799-CAYJJ,B
5443-SCMKX,A
8295-KMENE,A
6738-ISCBM,B
9821-BESNZ,A
3678-MNGZX,B
1335-NTIUC,A
2916-BQZLN,A
4558-CGYCZ,A
2368-GAKKQ,B
8710-YGLWG,B
3199-XGZCY,A
3785-KTYSH,A
6814-ZPWFQ,B
4063-EIKNQ,A
6993-YCOBK,B
5206-HPJKM,A
8393-JMVMB,B
5019-GQVCR,A
6036-TTFYU,B
2550-AEVRU,A
0969-RGKCU,A
0378-CJKPV,B
2880-FPNAE,B
1703-MGIAB,B
4311-QTTAI,A
4318-RAJVY,B
3612-YUNGG,A
2254-DLXRI,B
5062-CJJKH,A
9028-LIHRP,B
1053-MXTTK,B
1530-ZTDOZ,B
1301-LOPVR,B
0853-TWRVK,A
6212-ATMLK,B
8200-LGKSR,B
1568-BEKZM,A
0670-ANMUU,A
6897-RWMUB,B
6999-CHVCF,B
6134-KWTBV,A
1077-HUUJM,B
0895-LNKRC,A
2045-BMBTJ,A
8417-GSODA,A
5171-EPLKN,A
4452-QIIEB,B
6741-EGCBI,B
7820-ZYGNY,B
9677-AVKED,B
2227-JRSJX,B
9847-HNVGP,B
6696-YDAYZ,A
8980-WQFWL,A
1730-ZMAME,B
6506-EYCNH,A
4634-JLRJT,B
9501-UKKNL,B
2560-QTSBS,B
4795-WRNVT,B
6080-TCMYC,B
7860-UXCRM,B
6357-JJPQT,A
2292-XQWSV,A
9552-TGUZV,B
5913-INRQV,A
9643-YBLUR,B
8734-FNWVH,B
9447-YPTBX,B
9026-LHEVG,A
7011-CVEUC,A
6185-TASNN,A
7925-PNRGI,B
1552-CZCLL,B
3038-PQIUY,B
9313-CDOGY,A
8148-BPLZQ,B
2623-DRYAM,A
9987-LUTYD,A
4488-KQFDT,A
5693-PIPCS,B
0491-KAPQG,A
1925-LFCZZ,A
8039-EQPIM,A
8707-RMEZH,A
3209-ZPKFI,A
6479-VDGRK,B
9373-WSLOY,A
3569-JFODW,B
9819-FBNSV,B
9544-PYPSJ,B
1591-XWLGB,A
0396-UKGAI,A
3243-ZHOHY,B
5186-EJEGL,B
7527-QNRUS,A
2203-GHNWN,B
3878-AVSOQ,B
3258-SYSWS,B
5296-PSYVW,B
6319-QSUSR,B
0512-FLFDW,A
0487-CRLZF,B
2107-FBPTK,B
9451-WLYRI,A
8219-VYBVI,A
1991-VOPLL,A
9738-QLWTP,B
1016-DJTSV,A
9419-IPPBE,A
0174-QRVVY,B
5699-BNCAS,B
2900-PHPLN,A
8106-GWQOK,A
8751-EDEKA,B
6878-GGDWG,B
4039-PIMHX,B
8450-LUGUK,B
3604-WLABM,B
0795-GMVQO,A
2259-OUUSZ,A
1142-IHLOO,B
4633-MKHYU,B
6257-RJOHI,B
1545-JFUML,A
7826-VVKWT,A
1353-GHZOS,B
2587-EKXTS,A
5442-BXVND,B
9753-OYLBX,A
2364-UFROM,A
6656-JWRQX,A
6473-ULUHT,A
7688-AWMDX,A
2842-BCQGE,B
7244-QWYHG,B
5312-UXESG,A
2150-WLKUW,A
7159-FVYPK,A
7032-LMBHI,B
6088-BXMRG,A
4821-SJHJV,B
7346-MEDWM,B
1137-DGOWI,B
3812-LRZIR,A
9483-GCPWE,B
4227-OJHAL,B
9220-CXRSC,B
4993-JCRGJ,B
9537-JALFH,A
6698-OXETB,A
2103-ZRXFN,B
3724-BSCVH,B
4877-TSOFF,B
9209-NWPGU,B
7306-YDSOI,B
5288-AHOUP,B
0655-YDGFJ,A
8468-EHYJA,B
6823-SIDFQ,A
1097-FSPVW,A
8328-SKJNO,A
7010-ZMVBF,B
5201-CBWYG,B
6352-GIGGQ,B
3635-QQRQD,B
2897-DOVND,A
3082-YVEKW,B
0191-EQUUH,A
7134-HBPBS,A
3489-HHPFY,A
2926-JEJJC,A
4950-BDEUX,B
5789-LDFXO,A
0508-OOLTO,B
2984-TBYKU,A
9822-WMWVG,B
9040-KZVWO,B
1548-ARAGG,A
6339-RZCBJ,B
4415-WNGVR,A
2522-AHJXR,A
0412-UCCNP,A
1816-FLZDK,A
7096-UCLNH,A
4615-PIVVU,B
8885-QSQBX,B
8617-ENBDS,B
9385-NXKDA,B
0430-IHCDJ,A
6674-KVJHG,A
1814-DKOLC,B
9351-HXDMR,A
3537-HPKQT,B
2129-ALKBS,A
5821-MMEIL,A
1309-XGFSN,B
6968-URWQU,B
4742-TXUEX,B
9631-XEYKE,B
1335-MXCSE,A
8873-TMKGR,A
8800-JOOCF,A
1469-LBJQJ,B
0064-YIJGF,A
2386-OWURY,B
0310-VQXAM,B
3453-RTHJQ,B
6278-FEPBZ,B
4280-DLSHD,A
1508-DFXCU,A
7868-BGSZA,A
2800-QQUSO,A
7973-DZRKH,B
7698-YFGEZ,B
9773-PEQBZ,A
0650-BWOZN,B
7785-RDVIG,B
9602-WCXPI,B
2903-YYTBW,B
3620-MWJNE,A
8573-JGCZW,A
6837-HAEVO,A
6701-YVNQG,A
4304-XUMGI,A
9504-YAZWB,B
8819-ZBYNA,B
6174-NRBTZ,A
9481-IEBZY,B
6137-NICCO,B
9065-ZCPQX,B
6402-EJMWF,A
3620-EHIMZ,B
6870-ECSHE,A
8747-UDCOI,A
4626-OZDTJ,A
9169-BSVIN,A
8194-PEEBY,B
6872-HXFNF,B
7714-YXSMB,B
8387-UGUSU,A
1080-BWSYE,B
1194-HVAIF,A
1767-TGTKO,B
8439-LTUGF,A
8805-JNRAZ,A
6418-HNFED,A
0206-OYVOC,B
7291-CDTMJ,B
7128-GGCNO,A
0237-YFUTL,A
7691-KGKGP,A
6710-HSJRD,A
3675-EQOZA,A
0840-DCNZE,B
1732-FEKLD,A
9862-KJTYK,A
0479-HMSWA,A
5854-KSRBJ,A
0365-BZUWY,A
5701-SVCWR,B
3129-AAQOU,B
4922-CVPDX,B
1357-BIJKI,B
1099-BTKWT,A
2018-PZKMU,B
7340-KEFQE,B
4570-QHXHL,B
7392-YYPYJ,B
2223-GDSHL,A
9470-RTWDV,B
2176-OSJUV,A
9348-YVOMK,A
8104-OSKWT,B
4521-YEEHE,A
4090-KPJIP,A
3786-WOVKF,A
2592-HODOV,A
7995-ZHHNZ,A
3824-RHKVR,A
5816-SCGFC,A
5989-AXPUC,A
4979-HPRFL,A
8590-OHDIW,A
8015-IHCGW,A
2332-TODQS,A
9278-VZKCD,B
8008-OTEZX,B
2773-OVBPK,B
5999-LCXAO,A
5206-XZZQI,A
4803-LBYPN,A
2139-FQHLM,B
8261-GWDBQ,B
1093-YSWCA,A
3882-IYOIJ,A
8749-TZYEC,B
1755-FZQEC,B
3115-JPJDD,B
5600-KTXFM,A
6339-TBELP,A
7964-YESJC,B
6173-GOLSU,A
9938-ZREHM,B
7950-XWOVN,A
4647-MUZON,B
9702-AIUJO,A
8849-PRIQJ,B
8851-RAGOV,B
5396-IZEPB,B
1729-VLAZJ,A
8285-ABVLB,A
0701-TJSEF,A
5712-VBOXD,A
6629-LADHQ,A
1559-DTODC,B
4797-MIWUM,B
8720-RQSBJ,A
4537-CIBHB,A
4324-AHJKS,A
4355-CVPVS,B
4495-LHSSK,A
5915-ANOEI,B
9861-PDSZP,B
7225-CBZPL,B
6704-UTUKK,A
2019-HDCZY,A
8788-DOXSU,B
7404-JLKQG,B
7421-ZLUPA,B
3274-NSDWE,A
2632-IVXVF,A
3692-JHONH,A
8915-NNTRC,A
5914-GXMDA,A
7463-IFMQU,A
2920-RNCEZ,A
2541-YGPKE,A
5382-TEMLV,A
3441-CGZJH,B
9592-ERDKV,A
4778-IZARL,A
0432-CAJZV,A
7008-LZVOZ,A
1200-TUZHR,A
9365-CSLBQ,A
5884-FBCTL,B
7130-CTCUS,A
6242-FEGFD,B
6194-HBGQN,A
7634-WSWDB,A
6986-IXNDM,B
2987-BJXIK,A
9769-TSBZE,B
1395-WSWXR,B
6023-GSSXW,A
6752-APNJL,A
0420-HLGXF,A
7446-KQISO,A
9823-EALYC,A
0582-AVCLN,B
5803-NQJZO,A
2607-DHDAK,B
1073-XXCZD,B
0743-HRVFF,A
4006-HKYHO,B
3727-JEZTU,A
8143-ETQTI,A
9667-TKTVZ,B
3657-COGMW,A
8570-KLJYJ,A
7754-IXRMC,B
9473-CBZOP,A
2969-WGHQO,A
4334-HOWRP,B
5863-OOKCL,B
1686-STUHN,A
1329-VHWNP,A
0266-GMEAO,B
5574-NXZIU,B
0019-GFNTW,A
4256-ZWTZI,B
8309-PPCED,B
4098-NAUKP,B
5196-WPYOW,A
4608-LCIMN,B
1485-YDHMM,A
4054-CUMIA,B
0603-TPMIB,A
2525-GVKQU,B
8161-QYMTT,A
9581-GVBXT,B
5862-BRIXZ,A
5404-GGUKR,A
3308-JSGML,A
2126-GSEGL,B
0440-QEXBZ,A
2434-EEVDB,A
6762-QVYJO,A
6199-IWKGC,B
2675-DHUTR,A
8152-VETUR,A
7446-YPODE,B
9522-BNTHX,A
4676-WLUHT,A
7980-MHFLQ,B
0757-WCUUZ,A
1629-DQQVB,B
0374-AACSZ,A
4872-VXRIL,B
9140-CZQZZ,A
3423-HHXAO,B
9938-TKDGL,A
0531-ZZJWQ,A
6537-QLGEX,B
2688-BHGOG,B
3160-TYXLT,B
1325-USMEC,A
0916-QOFDP,A
5606-AMZBO,B
6199-IPCAO,A
5640-CAXOA,B
2235-EZAIK,B
3847-BAERP,A
1453-RZFON,A
8263-OKETD,B
0670-KDOMA,B
2476-YGEFM,B
8687-BAFGU,B
0641-EVBOJ,A
0829-XXPLX,B
9974-JFBHQ,A
6624-JDRDS,A
0608-JDVEC,A
9780-FKVVF,A
1919-RTPQD,A
5214-NLTIT,A
3345-PBBFH,A
5055-BRMNE,B
2190-PHBHR,A
2650-GYRYL,A
5208-FVQKB,A
7184-LRUUR,A
6627-CFOSN,B
3982-JGSFD,B
1574-DYCWE,A
7247-XOZPB,A
2466-FCCPT,A
6211-WWLTF,A
4826-TZEVA,B
6016-NXBNJ,B
9138-EFSMO,B
4632-XJMEX,B
8910-LEDAG,A
3452-GWUIN,B
2716-GFZOR,B
3724-UCSHY,A
8626-XHBIE,B
3192-LNKRK,A
4439-YRNVD,B
2208-UGTGR,B
3005-TYFRD,A
8670-MEFCP,B
3079-BCHLN,A
7777-UNYHB,B
7278-CKDNC,B
8450-UYIBU,A
2969-VAPYH,B
7181-OQCUT,A
8474-UMLNT,A
3836-FZSDJ,A
9142-XMYJH,A
0187-QSXOE,B
7733-UDMTP,A
2649-HWLYB,A
5214-CHIWJ,B
6904-JLBGY,B
2465-BLLEU,A
1685-VAYJF,B
8874-EJNSR,A
6917-YACBP,A
5049-MUBWG,B
4223-WOZCM,A
0769-MURVM,B
9253-VIFJQ,A
7030-FZTFM,A
9741-YLNTD,B
5917-RYRMG,A
5120-ZBLAI,B
1194-BHJYC,B
0906-QVPMS,A
1905-OEILC,A
7858-GTZSP,A
6248-BSHKG,A
4685-TFLLS,A
3470-BTGQO,B
1209-VFFOC,B
8224-DWCKX,A
4553-DVPZG,A
6917-IAYHD,B
8620-RJPZN,B
7572-KPVKK,A
2642-MAWLJ,A
7103-ZGVNT,B
2027-WKXMW,A
7137-NAXML,B
2428-ZMCTB,A
2961-VNFKL,B
1768-HNVGJ,B
6963-KQYQB,A
5934-RMPOV,A
1207-BLKSA,A
8316-BBQAY,B
1166-PQLGG,A
3146-JTQHR,A
4291-YZODP,B
4395-PZMSN,B
6427-FEFIG,B
0017-IUDMW,A
8706-HRADD,B
9955-QOPOY,A
4385-ZKVNW,A
5446-DKWYW,B
9031-ZVQPT,A
2990-IAJSV,B
8107-KNCIM,A
9027-YFHQJ,B
5176-LDKUH,B
4644-OBGFZ,A
7926-IJOOU,B
6480-YAGIY,A
4029-HPFVY,B
7602-DBTOU,B
5345-BMKWB,A
5457-COLHT,A
5451-YHYPW,B
7998-WNZEM,B
4664-NJCMS,B
0307-BCOPK,A
7629-WFGLW,A
2542-HYGIQ,B
5016-LIPDW,A
6481-LXPWL,B
6124-ACRHJ,A
9362-MWODR,B
9975-GPKZU,A
9625-RZFUK,B
5153-LXKDT,A
5161-UBZXI,A
1020-JPQOW,A
7919-ZODZZ,A
0565-JUPYD,A
6867-ACCZI,B
5939-XAIXZ,B
9054-FOWNV,A
8207-VVMYB,B
9732-EQMWY,A
5269-NRGDP,B
6195-MELTI,A
2121-JAFOM,A
8818-DOPVL,B
1227-UDMZR,A
5198-HQAEN,B
2167-FQSTQ,A
2819-GWENI,B
3572-UUHRS,B
2692-PFYTJ,B
5955-EPOAZ,A
6821-JPCDC,A
8815-LMFLX,B
9135-HSWOC,B
8582-KRHPJ,A
5811-IWXYM,A
7044-YAACC,A
8189-XRIKE,A
1506-YJTYT,A
4123-DVHPH,A
2228-BZDEE,A
2789-CZANW,A
7596-LDUXP,B
3740-RLMVT,B
2192-OZITF,A
5651-CPDND,A
2186-QZEYA,B
1131-ALZWV,B
7729-XBTWX,A
9134-WYRVP,B
3284-SVCRO,A
9732-OUYRN,A
0559-CKHUS,B
2931-SVLTV,A
7504-UWHNB,B
2582-FFFZR,A
8908-NMQTX,B
1431-AIDJQ,B
6288-LBEAR,B
8413-YNHNV,A
5808-TOTXO,B
4369-NYSCF,A
6333-YDVLT,B
5324-KTGCG,A
5599-HVLTW,A
7394-LWLYN,A
6873-UDNLD,A
2700-LUEVA,A
0958-YHXGP,B
1101-SSWAG,B
5743-KHMNA,B
4194-FJARJ,B
5325-UWTWJ,A
3969-GYXEL,A
9208-OLGAQ,A
3244-CQPHU,B
2674-MLXMN,A
9708-HPXWZ,A
6992-TKNYO,B
4468-YDOVK,B
5792-JALQC,A
2200-DSAAL,A
4302-ZYFEL,B
9351-LZYGF,A
4366-CTOUZ,A
1518-OMDIK,B
6671-NGWON,B
0595-ITUDF,A
1955-IBMMB,A
0096-BXERS,A
3806-YAZOV,B
7998-ZLXWN,A
6253-WRFHY,B
9133-AYJZG,A
2675-OTVVJ,B
8680-CGLTP,B
8430-TWCBX,B
5018-GWURO,A
6741-QRLUP,B
4737-HOBAX,B
0537-QYZZN,B
3340-QBBFM,A
8200-KLNYW,A
3372-CDXFJ,B
4781-ZXYGU,A
7632-YUTXB,A
2718-YSKCS,A
9896-UYMIE,A
0853-NWIFK,B
8212-CRQXP,A
6980-CDGFC,A
7691-XVTZH,B
2277-VWCNI,B
1088-CNNKB,B
1930-BZLHI,A
5868-YTYKS,A
3525-DVKFN,B
1482-OXZSY,A
0377-JBKKT,A
5778-BVOFB,B
3373-YZZYM,B
0228-MAUWC,A
7663-YJHSN,B
4915-BFSXL,A
3086-RUCRN,B
5215-LNLDJ,B
7576-JMYWV,B
0257-KXZGU,B
1307-ATKGB,A
3714-XPXBW,B
1850-AKQEP,B
2824-DXNKN,A
5227-JSCFE,B
0848-ZGQIJ,B
3621-CHYVB,A
8042-RNLKO,A
5372-FBKBN,B
0420-TXVSG,A
6217-TOWGS,A
1045-LTCYT,A
1544-JJMYL,A
4636-JGAAI,A
6874-SGLHU,A
5951-AOFIH,A
3059-NGMXB,B
8652-YHIYU,B
5278-PNYOX,A
3486-HOOGQ,B
5061-PBXFW,B
8630-FJLIB,B
3891-NLXJB,A
4749-OJKQU,B
0577-WHMEV,B
5453-AXEPF,B
3639-XJHKQ,A
3716-LRGXK,B
2263-SFSQZ,B
9950-MTGYX,A
3397-AVTKU,A
4825-FUREZ,A
2672-OJQZP,A
3134-DSHVC,A
7821-DPRQE,A
2001-EWBQU,B
1608-GMEWB,B
6695-AMZUF,A
8410-BGQXN,B
1619-YWUBB,A
7611-YKYTC,A
0365-GXEZS,B
0082-OQIQY,A
3606-SBKRY,A
0667-NSRGI,B
6893-ODYYE,B
8242-JSVBO,A
9541-ZPSEA,A
2665-NPTGL,A
1139-WUOAH,A
4693-VWVBO,B
6937-GCDGQ,A
0988-JRWWP,A
5075-JSDKI,A
8644-XYTSV,A
3873-WOSBC,B
7465-ZZRVX,A
7975-JMZNT,B
7251-XFOIL,A
4116-IQRFR,A
8259-DZLIZ,A
0442-ZXKVS,B
7853-WNZSY,B
3120-FAZKD,A
8606-OEGQZ,B
0225-ZORZP,A
9489-JMTTN,B
0575-CUQOV,A
0967-BMLBD,A
2830-LEWOA,A
5006-MXVRN,A
8327-WKMIE,B
6917-FIJHC,A
5329-KRDTM,B
7797-EJMDP,B
3530-VWVGU,B
6368-NWMCE,A
3633-CDBUW,A
0707-HOVVN,A
3956-MGXOG,B
9274-UARKJ,B
4077-HWUYD,A
0103-CSITQ,B
8671-KKKOS,A
7305-ZWMAJ,B
9518-XXBXE,B
6578-KRMAW,B
4860-IJUDE,B
9688-YGXVR,B
0423-UDIJQ,A
1945-XISKS,A
5360-LJCNJ,B
2607-FBDFF,B
1100-DDVRV,B
6728-WYQBC,B
9029-FEGVJ,A
7216-KAOID,B
6145-NNPNO,B
5339-TJFEK,B
2074-GUHPQ,A
4625-XMOYM,A
5827-MWCZK,A
1385-TQOZW,A
5914-XRFQB,A
4329-YPDDQ,A
4804-NCPET,A
5944-UGLLK,B
7787-BNTZM,A
2252-ISRNH,A
9415-TPKRV,A
5322-TEUJK,B
1866-DIOQZ,B
8375-KVTHK,A
2697-NQBPF,A
3709-OIJEA,A
1386-ZIKUV,B
0599-XNYDO,A
6377-WHAOX,B
6855-VLGOS,B
8999-XXGNS,B
8746-OQQRW,B
3181-MIZBN,B
0471-ARVMX,A
7766-CLTIC,A
5650-YLIBA,B
0825-CPPQH,B
9084-OAYKL,B
6122-LJADA,B
2400-XIWIO,A
7524-VRLPL,A
7569-NMZYQ,A
5201-USSQZ,A
2105-PHWON,A
1494-EJZDW,A
4884-TVUQF,B
8003-EWNDZ,B
1897-RCFUM,A
9256-JTBNZ,A
2211-RMNHO,B
2432-TFSMK,A
4929-ROART,B
1834-ABKHQ,A
1741-WTPON,B
3932-IJWDZ,A
1240-HCBOH,B
3594-KADLU,B
8065-BVEPF,A
3796-ENZGF,A
1734-ZMNTZ,B
2853-CWQFQ,B
0813-TAXXS,B
2519-TWKFS,B
0626-QXNGV,A
6723-CEGQI,B
4732-RRJZC,B
9499-XPZXM,A
4338-EYCER,A
3007-FDPEA,B
6350-XFYGW,B
8513-OLYGY,B
0311-QYWSS,A
8705-DWKTI,B
8755-IWJHN,A
4480-QQRHC,B
0929-PECLO,B
3680-CTHUH,A
1202-KKGFU,B
6112-KTHFQ,B
1852-XEMDW,B
1820-DJFPH,B
9426-SXNHE,A
9068-FHQHD,A
1269-FOYWN,B
9470-YFUYI,A
7402-EYFXX,A
9895-VFOXH,A
1230-QAJDW,A
5701-ZIKJE,B
5032-MIYKT,B
7396-VJUZB,B
9717-QEBGU,A
5172-RKOCB,A
6509-TSGWN,A
3178-CIFOT,B
4530-NDRKU,B
5985-TBABQ,B
9800-ONTFE,A
6743-HHQPF,B
8455-HIRAQ,B
6616-AALSR,B
9415-ZNBSX,A
4018-KJYUY,B
3884-UEBXB,A
8780-RSYYU,B
5537-UXXVS,B
1791-PQHBB,B
8701-DGLVH,B
8741-LQOBK,B
8082-GHXOP,B
0980-FEXWF,A
3011-WQKSZ,A
8218-FFJDS,B
1986-PHGZF,A
9360-OMDZZ,A
0345-XMMUG,B
8024-XNAFQ,B
2988-GBIVW,A
2832-SCUCO,B
7036-ZZKBD,A
0265-PSUAE,A
0463-TXOAK,B
0594-UFTUL,B
9509-MPYOD,A
9128-CPXKI,A
0129-KPTWJ,B
5855-EIBDE,B
5365-LLFYV,A
5956-YHHRX,A
6008-NAIXK,A
1928-BXYIV,A
5760-FXFVO,A
0961-ZWLVI,B
5181-OABFK,B
4007-NHVHI,A
7816-VGHTO,B
5871-DGTXZ,B
7550-WIQVA,A
7544-ZVIKX,A
0016-QLJIS,A
7508-DQAKK,A
5176-OLSKT,B
9356-AXGMP,B
3556-BVQGL,B
8979-CAMGB,B
7581-EBBOU,A
5073-RZGBK,B
2192-CKRLV,B
3154-HMWUU,A
6119-SPUDB,A
6522-OIQSX,A
7813-ZGGAW,B
8748-HFWBO,B
1052-QJIBV,A
1319-YLZJG,A
0723-FDLAY,A
3050-RLLXC,B
9298-WGMRW,A
3088-LHEFH,A
6583-KQJLK,B
8544-JNBOX,A
6681-ZSEXG,B
6139-ZZRBQ,A
6116-RFVHN,B
8884-FEEWR,A
3125-RAHBV,A
0373-AIVNJ,B
1682-VCOIO,B
2072-ZVJJX,B
8849-AYPTR,B
9518-IMLHK,B
3646-ITDGM,B
3569-VLDHH,A
8224-KDLKN,B
7594-LZNWR,A
4001-TSBTV,A
8727-XDPUD,A
1043-UXOVO,A
1064-FBXNK,B
3996-ZNWYK,A
2878-DHMIN,B
7762-ONLJY,A
5795-BKOYE,A
7402-PWYJJ,B
0018-NYROU,A
7501-VTYLJ,A
7608-RGIRO,A
0480-BIXDE,A
5895-QSXOD,A
9814-AOUDH,A
6175-IRFIT,B
8760-ZRHKE,A
1622-HSHSF,A
6749-UTDVX,A
5542-DHSXL,B
9102-OXKFY,B
5216-WASFJ,B
7808-DVWEP,B
2284-VFLKH,A
0366-NQSHS,B
3807-BPOMJ,A
3892-NXAZG,A
4948-WBBKL,A
4182-BGSIQ,B
0988-AADSA,B
9972-NKTFD,B
3717-LNXKW,A
5734-EJKXG,B
2207-RYYRL,A
6729-FZWSY,A
9695-IDRZR,B
8144-DGHXP,B
7814-LEEVE,A
8631-WUXGY,B
5906-DVAPM,B
6654-QGBZZ,A
8348-JLBUG,A
5641-DMBFJ,A
9200-NLNPD,B
2664-XJZNO,A
3339-EAQNV,B
0921-OHLVP,B
8350-NYMVI,A
1600-DILPE,A
0536-ESJEP,A
4654-GGUII,B
6478-HRRCZ,B
8510-BBWMU,A
6857-TKDJV,A
2360-RDGRO,A
0584-BJQGZ,B
1360-XFJMR,A
5730-RIITO,A
9058-MJLZC,B
0902-XKXPN,A
5177-RVZNU,A
0056-EPFBG,A
8993-IZEUX,B
8190-ZTQFB,A
0931-MHTEM,A
7515-LODFU,B
0440-UEDAI,B
1337-BOZWO,A
0868-VJRDR,A
6344-SFJVH,A
3950-VPYJB,B
8041-TMEID,B
7321-ZNSLA,A
6941-KXRRV,B
8727-JQFHV,B
9475-NNDGC,A
1355-KUSBG,B
3688-FTHLT,B
0899-LIIBW,B
1384-RCUXW,A
5825-XJOCM,A
6848-YLDFR,B
8125-QPFJD,A
2320-YKQBO,B
4973-RLZVI,B
7869-ZYDST,A
4501-UYKBC,B
1215-EXRMO,A
2305-MRGLV,B
8404-VIOMB,A
2359-KLTEK,A
5304-EFJLP,A
2673-ZALNP,B
9184-GALIL,B
4393-RYCRE,A
9746-MDMBK,A
3162-ZJZFU,B
8404-GFGCZ,A
8875-AKBYH,B
0533-UCAAU,A
1394-SUIUH,A
3521-MNKLV,A
2533-TIBIX,B
5092-STPKP,A
0114-PEGZZ,B
3359-DSRKA,B
8639-NHQEI,B
7161-DFHUF,B
3720-DBRWL,B
8565-WUXZU,B
4994-OBRSZ,B
0562-FGDCR,B
2436-QBZFP,B
3420-YJLQT,A
6040-CGACY,B
6582-PLFUU,A
8242-PDSGJ,A
0264-CNITK,A
0089-IIQKO,B
7839-NUIAA,B
6075-QMNRR,A
5966-EMAZU,B
0440-EKDCF,A
4774-HHGGS,B
2055-BFOCC,B
8180-AKMJV,B
4298-OYIFC,A
5566-SOEZD,A
9842-EFSYY,A
2272-WUSPA,B
4584-LBNMK,A
3898-GUYTS,A
0930-EHUZA,A
9975-SKRNR,B
3703-KBKZP,A
4973-MGTON,A
3682-YEUWS,B
1223-UNPKS,B
3446-QDSZF,A
5117-IFGPS,A
7379-FNIUJ,A
1627-AFWVJ,B
4486-EFAEB,B
0060-FUALY,A
6954-OOYZZ,A
7088-FBAWU,B
8313-AFGBW,B
3097-IDVPU,B
2197-OMWGI,B
2303-PJYHN,B
9795-VOWON,A
1237-WIYYZ,B
1987-AUELQ,A
7852-LECYP,B
4822-LPTYJ,A
8165-CBKXO,B
6527-PZFPV,B
9593-CVZKR,B
8595-SIZNC,B
5236-XMZJY,B
4827-DPADN,B
2694-CIUMO,B
5846-ABOBJ,A
1439-LCGVL,B
0909-SDHNU,A
4647-XXZAM,A
7740-KKCXF,B
5360-XGYAZ,B
3557-HTYWR,B
8920-NAVAY,B
1699-TLDLZ,A
5600-PDUJF,A
0567-XRHCU,B
2067-QYTCF,A
7407-SUJIZ,A
9150-KPBJQ,B
0052-DCKON,A
3654-ARMGP,A
9699-UBQFS,B
9367-TCUYN,A
1261-FWTTE,A
3528-HFRIQ,B
0708-SJDIS,A
2073-QBVBI,A
6928-ONTRW,B
3320-VEOYC,B
5231-FIQPA,A
6617-WLBQC,B
2599-CIPQE,A
8774-GSBUN,A
7326-RIGQZ,B
1401-FTHFQ,A
0254-FNMCI,B
1848-LBZHY,A
8118-TJAFG,A
5429-LWCMV,A
7298-IZWLY,B
9758-MFWGD,A
3955-JBZZM,B
4815-TUMEQ,B
9909-IDLEK,B
4092-OFQZS,B
1561-BWHIN,B
9927-DSWDF,B
9500-LTVBP,B
7252-NTGSS,B
8149-AIQCG,B
1360-JYXKQ,A
0899-WZRSD,B
3255-GRXMG,A
4828-FAZPK,B
6094-ZIVKX,B
6925-BAYGL,B
3262-EIDHV,A
7354-OIJLX,A
1376-HHBDV,B
6133-OZILE,B
4135-FRWKJ,A
6551-ZCOTS,A
7191-ADRGF,B
5018-LXQQG,B
6892-BOGQE,A
1746-TGTWV,A
5995-SNNEW,A
8050-WYBND,B
2821-WARNZ,A
4879-GZLFH,A
8314-HTWVE,B
9402-ROUMJ,B
2507-QZPQS,A
7159-NOKYQ,A
5707-ZMDJP,A
8779-YIQQA,B
7136-IHZJA,B
8966-OIQHG,A
7074-STDCN,B
8739-QOTTN,B
1399-OUPJN,B
0277-BKSQP,B
5774-XZTQC,A
2676-SSLTO,B
6266-QHOJZ,A
7269-JISCY,A
0363-SVHYR,A
8547-NSBBO,A
6591-QGOYB,A
9070-BCKQP,A
6421-SZVEM,B
1328-EUZHC,B
8878-RYUKI,A
9633-DENPU,B
7811-JIVPF,B
7113-HIPFI,A
8541-QVFKM,A
9258-CNWAC,A
5371-VYLSX,B
6374-AFWOX,A
5317-FLPJF,B
7621-VPNET,B
6034-YMTOB,B
4903-CNOZC,A
4353-HYOJD,B
7267-FRMJW,B
4188-FRABG,A
4128-ETESU,A
0620-DLSLK,A
3850-OKINF,B
1156-ZFYDO,A
3295-YVUSR,A
8016-NCFVO,A
4119-ZYPZY,B
5549-ZGHFB,B
7577-SWIFR,B
0303-WMMRN,B
6408-OTUBZ,B
5204-HMGYF,A
1078-TDCRN,B
3727-OVPRY,A
3797-FKOGQ,B
7622-NXQZR,B
6196-HBOBZ,B
3970-XGJDU,A
7017-VFULY,B
5562-YJQGT,A
8807-OPMBM,A
5439-WIKXB,B
8294-UIMBA,B
8109-YUOHE,B
5840-NVDCG,A
8092-NLTGF,B
5928-QLDHB,B
9840-EFJQB,A
0696-UKTOX,A
4801-KFYKL,A
3472-OAOOR,A
6135-OZQVA,B
2252-JHJGE,A
4188-PCPIG,A
7105-BENQF,B
7721-DVEKZ,B
3566-VVORZ,B
9507-HSMMZ,A
2480-SQIOB,A
7813-TKCVO,B
0128-MKWSG,A
4350-ZTLPI,B
0361-HJRDX,B
5727-MYATE,A
3823-KYNQY,A
7570-WELNY,A
3021-VLNRJ,B
2080-CAZNM,A
1028-FFNJK,A
6907-FLBER,B
3001-UNBTL,A
5982-PSMKW,B
3507-GASNP,A
7096-ZNBZI,B
1676-MQAOA,B
0786-IVLAW,B
7566-DSRLQ,B
7245-JMTTQ,B
6050-IJRHS,A
6202-JVYEU,A
8591-TKMZH,B
0734-OXWBT,B
4282-ACRXS,A
0365-TRTPY,A
7349-ALMUX,A
6502-KUGLL,A
1841-YSJGV,A
3511-BFTJW,B
7668-XCFYV,B
5018-HEKFO,B
3976-NLDEZ,A
2282-YGNOR,A
5336-UFNZP,B
6854-EXGSF,B
1241-EZFMJ,B
9233-PSYHO,B
5376-PCKNB,B
8044-BGWPI,A
4060-LDNLU,B
3589-PPVKW,B
5887-IKKYO,A
1755-RMCXH,B
3858-XHYJO,A
4299-SIMNS,A
7025-IWFHT,A
6261-LHRTG,B
7841-FCRQD,B
2056-EVGZL,B
8777-MBMTS,B
7753-USQYQ,A
7661-CPURM,B
6233-HXJMX,B
5902-WBLSE,A
3239-TPHPZ,B
5115-GZDEL,A
3338-CVVEH,A
2615-YVMYX,B
2851-STERV,B
4393-GEADV,B
8486-AYEQH,A
5419-JKZNQ,A
2495-KZNFB,A
1409-PHXTF,B
4560-WQAQW,B
9591-YVTEB,A
9309-BZGNT,B
4274-DRSQT,B
2027-DNKIV,B
8075-GXIUB,B
2885-HIJDH,A
5424-RLQLC,A
6507-DTJZV,B
7673-BQGKU,A
6723-WSNTY,A
2725-IWWBA,B
1061-PNTHC,B
0394-YONDK,B
6574-MCOEH,B
7399-QHBJS,B
0997-YTLNY,B
9479-HYNYL,B
9708-KFDBY,B
3642-GKTCT,B
0774-RMNUW,A
1334-PDUKM,B
0756-MPZRL,B
2242-MFOTG,B
2927-CVULT,B
2144-BFDSO,A
8745-PVESG,A
7647-GYYKX,B
5647-FXOTP,A
9700-ISPUP,A
9839-ETQOE,B
6078-VESFR,A
9027-TMATR,A
1941-HOSAM,A
9110-HSGTV,B
0704-VCUMB,A
6171-ZTVYB,A
1935-IMVBB,A
2535-PBCGC,B
1470-PSXNM,A
2498-XLDZR,B
9866-OCCKE,A
5338-YHWYT,A
7718-UPSKJ,B
8731-WBBMB,B
1448-CYWKC,B
7901-IIDQV,A
2690-DVRVK,B
1270-XKUCC,B
0334-ZFJSR,A
5583-EJXRD,A
4565-EVZMJ,B
3327-YBAKM,B
9441-QHEVC,B
6705-LNMDD,B
2580-ASVVY,A
3370-GQEAL,B
5032-USPKF,B
4254-QPEDE,B
6283-GITPX,B
0771-CHWSK,B
9788-HNGUT,A
9495-REDIY,B
5375-XLDOF,B
1172-VIYBP,A
6559-PDZLR,B
8992-OBVDG,B
4273-MBHYA,A
4724-WXVWF,B
5701-GUXDC,A
1460-UZPRJ,B
6082-GLJIX,A
2495-TTHBQ,A
0485-ZBSLN,A
3810-PJUHR,A
0847-HGRML,B
8232-CTLKO,B
9227-YBAXE,A
9860-LISIZ,A
0112-QAWRZ,B
2786-GCDPI,B
4043-MKDTV,B
9229-RQABD,A
8313-KTIHG,A
5320-BRKGK,A
6284-KMNUF,B
6229-UOLQL,B
3137-LUPIX,A
6143-JQKEA,B
8676-OOQEJ,B
9701-CDXHR,A
8124-NZVGJ,B
2162-FRZAA,B
5118-MUEYH,A
5627-TVBPP,A
3936-QQFLL,B
2589-AYCRP,B
4067-HLYQI,A
5124-EOGYE,A
5057-RKGLH,A
0292-WEGCH,A
8910-ICHIU,B
4097-YODCF,B
9715-WZCLW,A
9786-YWNHU,B
6407-GSJNL,B
4049-ZPALD,A
3733-UOCWF,A
6833-JMZYP,A
1310-QRITU,A
8961-QDZZJ,B
9715-SBVSU,B
8490-BXHEO,A
7173-TETGO,A
7929-SKFGK,B
2300-RQGOI,B
3563-SVYLG,A
6435-VWCCY,A
4998-IKFSE,A
8630-QSGXK,B
2455-USLMV,A
9488-FVZCC,A
5995-WWKKG,A
7879-CGSFV,A
9921-EZKBY,A
7432-FFVAR,B
7246-ZGQDF,B
4456-RHSNB,B
2481-SBOYW,A
7109-MFBYV,A
1833-TCXKK,B
1832-PEUTS,B
8660-BUETV,B
0580-PIQHM,A
5696-CEIQJ,B
1696-HXOWK,A
3026-ATZYV,B
4012-YCFAI,A
9970-QBCDA,B
9496-IVVRP,A
2657-VPXTA,A
6551-VLJMV,B
1221-GHZEP,A
9289-LBQVU,A
3458-IDMFK,B
6933-FHBZC,B
0221-NAUXK,A
9770-KXGQU,B
6538-POCHL,A
6726-NNFWD,A
3002-WQZWT,A
4277-UDIEF,A
1208-NBVFH,B
4912-PIGUY,A
2725-TTRIQ,A
3374-TTZTK,A
8990-ZXLSU,B
2275-RBYQS,A
4419-UJMUS,B
7794-JASDG,A
7609-YBPXG,A
5519-TEEUH,B
7856-GANIL,A
0804-XBFBV,B
2676-OXPPQ,A
3703-TTEPD,A
2799-TSLAG,B
2208-NKVVH,B
7139-JZFVG,A
4987-GQWPO,B
1757-TCATG,B
4776-XSKYQ,B
8048-DSDFQ,B
5753-QQWPW,A
6010-DDPPW,A
6693-FRIRW,B
6586-MYGKD,A
3173-NVMPX,A
0248-PGHBZ,B
0623-GDISB,A
2892-GESUL,A
7472-EQOAV,B
2043-WVTQJ,A
8034-RYTVV,A
3863-QSTYI,A
5044-LRQAQ,A
1716-LSAMB,A
1333-PBMXB,B
6546-OPBBH,B
5985-BEHZK,A
9127-QRZMH,B
5919-VCZYM,B
9644-KVCNC,B
2137-DQMEV,A
8174-LNWMW,B
9279-CJEOJ,A
7964-VEXDG,B
2404-JIBFC,B
8029-XYPWT,A
4632-PAOYU,A
2990-OGYTD,A
6646-JPPHA,B
7658-UYUQS,A
7880-XSOJX,B
4589-IUAJB,A
8746-BFOAJ,B
8457-XIGKN,A
6072-NUQCB,A
8838-GPHZP,B
8750-QWZAJ,A
6918-UMQCG,B
0675-NCDYU,A
6339-DKLMK,B
1346-PJWTK,B
5088-QZLRL,A
8023-QHAIO,B
4397-FRLTA,A
3057-VJJQE,A
2302-OUZXB,A
8133-ANHHJ,A
2270-CHBFN,A
5982-FPVQN,A
9107-UKCKY,A
4654-ULTTN,A
5546-BYZSM,A
1492-KGETH,B
4163-HFTUK,A
8215-NGSPE,B
8859-YSTWS,A
7601-DHFWZ,B
1998-VHJHK,B
1707-HABPF,B
0487-VVUVK,B
5063-IUOKK,A
4508-OEBEY,B
0027-KWYKW,B
2308-STERM,B
5982-XMDEX,A
6051-PTVNS,A
2877-VDUER,B
9152-AMKAK,B
9432-VOFYX,A
8049-WJCLQ,B
6586-PSJOX,B
9705-ZJBCG,B
6847-KJLTS,B
9670-BPNXF,B
3913-FCUUW,A
3301-VKTGC,A
9555-SAHUZ,B
0816-TSPHQ,B
9932-WBWIK,B
4619-EVPHY,A
5286-YHCVC,B
9115-YQHGA,B
4462-CYWMH,B
8963-MQVYN,B
2458-EOMRE,B
9334-GWGOW,B
6542-LWGXJ,B
5567-GZKQY,B
1222-LRYKO,A
2087-QAREY,A
4423-JWZJN,B
6490-FGZAT,A
7452-FOLON,B
2320-TZRRH,A
4942-VZZOM,A
7502-BNYGS,A
4291-HYEBC,B
6147-CBCRA,B
6047-SUHPR,B
9752-ZNQUT,B
1576-PFZIW,B
5666-MBJPT,A
7312-XSBAT,B
3096-GKWEB,B
2371-JQHZZ,B
0674-GCDXG,B
1121-QSIVB,B
4396-KLSEH,B
2824-MYYBN,A
6345-HOVES,A
8318-LCNBW,B
6469-QJKZW,A
0147-ESWWR,B
1217-VASWC,B
6370-ZVHDV,B
5915-DGNVC,A
6260-XLACS,A
3566-CAAYU,A
4983-CCWMC,B
9103-CXVOK,B
2896-TBNBE,B
2522-WLNSF,B
3841-CONLJ,A
4475-NVTLU,A
9386-LDCZR,A
9585-KKMFD,B
5399-ZIMKF,A
0336-KXKFK,A
5619-XZZKR,B
3948-FVVRP,A
5327-XOKKY,B
0983-TATYJ,A
1813-JYWTO,A
6719-OXYBR,A
3312-ZWLGF,A
6476-YHMGA,A
0795-XCCTE,B
0168-XZKBB,A
3785-NRHYR,A
4537-DKTAL,A
7072-MBHEV,A
5602-BVFMK,B
6297-NOOPG,A
8204-TIFGJ,B
8050-DVOJX,A
8903-XEBGX,A
8169-SAEJD,B
1089-XZWHH,B
2325-WINES,B
6064-ZATLR,A
7824-PANSQ,B
9648-BCHKM,B
2888-ADFAO,A
8707-HOEDG,B
4072-IPYLT,A
7167-PCEYD,B
4936-YPJNK,B
1580-BMCMR,A
4817-KEQSP,A
6408-WHTEF,A
9251-AWQGT,B
8749-CLJXC,B
7989-VCQOH,A
4199-QHJNM,B
8882-TLVRW,A
5135-GRQJV,B
2384-OVPSA,A
1371-WEPDS,B
3580-GICBM,B
9730-DRTMJ,A
4686-UXDML,B
3349-ANQNH,A
0932-YIXYU,A
7480-SPLEF,A
7636-XUHWW,A
1431-CYWMH,A
5937-EORGB,A
6349-JDHQP,B
5539-HIVAK,A
5847-MXBEO,B
4583-PARNH,B
1116-FRYVH,B
1421-HCERK,A
9633-XQABV,A
0716-BQNDX,A
1183-CANVH,A
1972-XMUWV,A
8679-LZBMD,A
3407-JMJQQ,A
6252-DFGTK,B
1539-LNKHM,B
8645-KOMJQ,A
0289-IVARM,B
9761-XUJWD,A
4057-FKCZK,A
4291-TPNFG,A
6087-YPWHO,A
3090-QFUVD,A
1722-LDZJS,B
1818-ESQMW,A
7401-RUBNK,B
0506-YLVKJ,B
8661-BOYNW,B
4815-GBTCD,A
2805-AUFQN,A
0980-PVMRC,B
7233-DRTRF,B
3873-NFTGI,A
1162-ECVII,A
7048-GXDAY,A
8571-ZCMCX,B
1169-WCVAK,B
7129-CAKJW,A
8695-ARGXZ,B
3570-YUEKJ,A
1555-HAPSU,B
1697-NVVGY,A
8464-EETCQ,A
2419-FSORS,B
8132-YPVBX,B
6754-LZUKA,A
8099-MZPUJ,A
0787-LHDYT,A
0374-IOEGQ,A
3197-NNYNB,B
3396-DKDEL,B
1752-OZXFY,B
9066-QRSDU,A
9112-WSNPU,A
9867-NNXLC,A
5321-NTRKC,A
3161-GETRM,B
0402-OAMEN,B
6933-VLYFX,A
6754-WKSHP,B
4976-LNFVV,A
5055-MGMGF,B
4641-FROLU,B
2862-JVEOY,B
2969-QWUBZ,B
9822-BIIGN,A
2077-MPJQO,A
1534-OULXE,A
2971-SGAFL,B
1480-IVEVR,A
2905-KFQUV,A
3370-HXOPH,A
9391-YZEJW,A
9958-MEKUC,A
0281-CNTZX,A
4118-CEVPF,A
9114-VEPUF,A
7876-BEUTG,B
2338-BQEZT,A
9873-MNDKV,A
8241-JUIQO,A
2194-IIQOF,B
9631-RXVJM,B
9584-EXCDZ,B
5093-FEGLU,B
2621-UDNLU,A
7526-IVLYU,A
2428-HYUNX,A
9214-EKVXR,B
3410-MHHUM,B
2122-YWVYA,B
2296-DKZFP,A
8909-BOLNL,A
6603-YRDCJ,A
3229-USWAR,A
2138-VFAPZ,A
6131-JLWZM,A
0269-XFESX,A
1709-EJDOX,A
4316-XCSLJ,A
9693-XMUOB,B
0383-CLDDA,B
2709-UQGNP,B
3549-ZTMNH,B
8033-ATFAS,A
1635-NZATJ,A
0562-HKHML,B
8277-RVRSV,A
9943-VSZUV,A
7054-ENNGU,A
1455-HFBXA,A
9402-CXWPL,B
1628-BIZYP,B
0082-LDZUE,A
5343-SGUBI,A
0856-NAOES,B
1976-AZZPJ,B
6156-UZDLF,B
3099-OONVS,B
9500-WBGRP,B
5183-KLYEM,B
5144-PQCDZ,A
8514-VZHEB,A
6625-IUTTT,A
9355-NPPFS,B
0068-FIGTF,B
5965-GGPRW,B
8035-PWSEV,A
2236-HILPA,A
1840-BIUOG,A
1356-MKYSK,A
6080-LNESI,B
1830-IPXVJ,B
5828-DWPIL,B
8398-TBIYD,B
2931-FSOHN,A
9418-RUKPH,A
9971-ZWPBF,B
4712-AUQZO,A
9711-FJTBX,B
2908-ZTPNF,B
8421-WZOOW,B
1414-YADCW,B
8756-RDDLT,B
2862-PFNIK,A
5816-QVHRX,A
4430-YHXGG,A
6888-SBYAI,A
7395-XWZOY,A
7169-YWAMK,B
6859-RKMZJ,B
2729-VNVAP,A
2957-JIRMN,B
2049-BAFNW,A
3842-QTGDL,B
7163-OCEQI,B
9782-LGXMC,A
5975-BAICR,A
4673-KKSLS,A
4853-OITSN,A
9800-OUIGR,A
2324-EFHVG,A
7094-MSZAO,A
6907-CQGPN,A
0780-XNZFN,B
0239-OXEXL,A
2675-IJRGJ,A
7049-GKVZY,A
8577-QSOCG,B
3721-CNZHX,B
0212-ISBBF,B
3585-YNADK,B
5271-DBYSJ,A
1099-GODLO,A
6828-HMKWP,A
1472-TNCWL,B
2080-GKCWQ,B
2193-SFWQW,B
5656-JAMLX,B
3462-BJQQA,A
0442-TDYUO,A
6733-LRIZX,A
9503-XJUME,B
4367-NHWMM,A
3779-OSWCF,B
6736-DHUQI,B
3915-ODIYG,B
1360-RCYRT,A
2724-FJDYW,B
4451-RWASJ,B
3460-TJBWI,A
5917-HBSDW,B
5671-UUNXD,B
0956-ACVZC,A
2325-NBPZG,B
4482-FTFFX,A
8859-DZTGQ,B
0440-MOGPM,B
0020-JDNXP,B
3752-CQSJI,B
5025-GOOKI,A
4698-KVLLG,B
2887-JPYLU,A
4770-QAZXN,B
4896-CPRPF,A
9714-EDSUC,B
0282-NVSJS,A
7353-YOWFP,A
8008-ESFLK,B
7537-CBQUZ,A
3363-EWLGO,A
4750-UKWJK,A
1689-YQBYY,B
4487-ZYJZK,B
2959-FENLU,B
0708-LGSMF,A
7634-HLQJR,B
0487-RPVUM,A
4079-ULGFR,A
2516-XSJKX,A
0057-QBUQH,A
6599-SFQVE,A
8331-ZXFOE,A
4003-FUSHP,B
0356-ERHVT,A
7325-ENZFI,B
4884-ZTHVF,B
3920-HIHMQ,A
3055-OYMSE,A
0613-WUXUM,B
4458-KVRBJ,A
1397-XKKWR,B
8097-OMULG,A
6013-BHCAW,B
0401-WDBXM,B
3387-PLKUI,B
6096-EGVTU,B
5081-NWSUP,A
2580-ATZSQ,A
8085-MSNLK,B
9691-HKOVS,A
9881-VCZEP,A
8757-TFHHJ,B
1468-DEFNC,A
5119-KEPFY,A
0916-KNFAJ,B
8319-QBEHW,A
9625-QNLUX,B
4024-CSNBY,B
7110-BDTWG,A
7493-GVFIO,A
0690-SRQID,A
9605-WGJVW,A
9114-DPSIA,B
4700-UBQMV,A
7711-GQBZC,B
4627-MIHJH,B
9795-NREXC,A
8573-CGOCC,A
7356-AYNJP,A
6286-SUUWT,B
4819-HJPIW,B
8654-DHAOW,A
5438-QMDDL,B
9812-GHVRI,A
5553-AOINX,B
1228-ZLNBX,B
4226-KKDON,B
3831-YCPUO,A
7445-WMRBW,A
3308-DGHKL,B
9924-JPRMC,A
0080-EMYVY,A
6218-KNUBD,A
7337-CINUD,A
7609-NRNCA,A
0623-EJQEG,B
7153-CHRBV,B
6198-PNNSZ,B
3317-VLGQT,A
4132-POCZS,A
5614-DNZCE,A
3896-RCYYE,A
9638-JIQYA,B
3258-SANFR,A
3726-TBHQT,A
3190-ITQXP,B
4833-QTJNO,B
3039-MJSLN,A
0178-CIIKR,A
5774-QPLTF,B
2322-VCZHZ,A
5010-IPEAQ,B
6383-ZTSIW,A
8990-YOZLV,B
3069-SSVSN,B
5222-IMUKT,B
6685-XSHHU,B
8901-UPRHR,B
0118-JPNOY,B
3845-FXCYS,B
5857-XRECV,B
0725-CXOTM,A
4343-EJVQB,B
9000-PLFUZ,A
3427-GGZZI,B
7779-ORAEL,A
0644-OQMDK,A
3154-CFSZG,A
2220-IAHLS,A
1658-XUHBX,B
2378-HTWFW,A
4377-VDHYI,B
3719-TDVQB,A
0201-MIBOL,B
4937-QPZPO,B
2925-VDZHY,A
6981-TDRFT,B
3413-CSSTH,B
8033-VCZGH,A
0224-NIJLP,A
7542-CYDDM,B
4718-WXBGI,A
8495-PRWFH,B
0439-IFYUN,A
5716-LIBJC,A
2868-LLSKM,A
2988-QRAJY,B
0071-NDAFP,A
7328-ZJAJO,B
6458-CYIDZ,B
1090-PYKCI,B
3058-WQDRE,A
2279-AXJJK,A
0909-SELIE,A
3417-TSCIC,A
1042-HFUCW,A
6537-OTKMY,A
8999-EXMNO,A
6725-TPKJO,B
7162-WPHPM,B
1599-MMYRQ,B
8821-KVZKQ,B
6434-TTGJP,A
0042-JVWOJ,B
0130-SXOUN,A
2330-PQGDQ,B
1452-UZOSF,A
2097-YVPKN,A
8597-CTXVJ,B
6631-HMANX,A
9962-BFPDU,B
6394-HHHZM,B
5995-LFTLE,A
1932-UEDCX,A
5188-HGMLP,A
0665-XHDJU,A
8265-HKSOW,A
3544-FBCAS,A
5331-RGMTT,B
4759-PXTAN,A
7054-DMVAS,A
3428-MMGUB,B
6549-BTYPG,A
7823-JSOAG,A
3705-RHRFR,A
9374-YOLBJ,B
9074-KGVOX,A
6128-DAFVY,B
9933-QRGTX,B
4476-OSWTN,B
5066-GFJMM,B
2661-GKBTK,A
0458-HEUZG,A
7268-WNTCP,A
0824-VWDPO,A
8409-WQJUX,B
2578-JQPHZ,B
3278-FSIXX,A
9746-UGFAC,A
2946-KIQSP,B
0625-AFOHS,A
6726-WEXXK,A
4636-OLWOE,A
4685-ERGHK,A
0885-HMGPY,A
5003-OKNNK,A
7208-PSIHR,A
4012-ZTHBR,A
0489-WMEMG,A
7435-ZNUYY,A
1354-YZFNB,B
2985-FMWYF,A
2812-ENYMO,B
2717-HVIZY,B
3422-GALYP,B
2890-WFBHU,A
0327-WFZSY,A
7977-HXJKU,B
7033-CLAMM,B
4023-RTIQM,A
0864-FVJNJ,A
7356-IWLFW,A
9541-PWTWO,A
3967-VQOGC,B
7872-RDDLZ,A
6308-CQRBU,B
0186-CAERR,B
3043-SUDUA,A
5442-BHQNG,A
2169-RRLFW,B
5872-OEQNH,A
3162-KKZXO,B
8873-GLDMH,B
5696-JVVQY,A
8946-BFWSG,B
0547-HURJB,A
8904-OPDCK,B
8845-LWKGE,A
0691-NIKRI,B
5022-JNQEQ,A
3249-VHRIP,B
3736-BLEPA,B
4701-LKOZD,B
6603-QWSPR,B
9921-QFQUL,A
1929-ZCBHE,B
4378-MYPGO,A
4129-LYCOI,B
7798-JVXYM,A
8647-SDTWQ,B
2696-ECXKC,A
2081-KJSQF,A
3323-CPBWR,A
3384-CTMSF,A
0902-RFHOF,B
6048-QBXKL,B
7718-RXDGG,B
1025-FALIX,B
3451-VAWLI,A
3407-QGWLG,A
2347-WKKAE,A
8735-DCXNF,A
3214-IYUUQ,A
1936-UAFEH,B
3587-PMCOY,A
1027-LKKQQ,B
7148-XZPHA,B
5309-TAIKL,A
6856-RAURS,B
8778-LMWTJ,B
9717-IOAAF,A
2845-KDHVX,A
0848-SOMKO,B
6734-FQAJX,A
1535-VTJOQ,A
6368-TZZDT,A
0943-ZQPXH,B
1293-BSEUN,B
1302-TPUBN,B
2378-VTKDH,A
0927-CNGRH,B
8608-OZTLB,B
2335-GSODA,B
1952-DVVSW,B
6656-GULJQ,B
9853-JFZDU,A
3777-XROBG,A
6994-FGRHH,B
4000-VGMQP,B
3999-WRNGR,B
3466-RITXD,A
2680-XKKNJ,A
2974-GGUXS,B
7994-XIRTR,A
2101-RANCD,B
7921-BEPCI,B
8510-TMWYB,A
3258-ZKPAI,A
1428-IEDPR,B
5298-GSTLM,A
4450-YOOHP,B
6728-CZFEI,A
3653-NCRDJ,A
6121-TNHBO,B
5119-NZPTV,A
6519-ZHPXP,A
3472-QPRCH,A
8224-UAXBZ,B
9610-WCESF,A
2486-WYVVE,B
3865-ZYKAD,A
1422-DGUBX,B
2999-AANRQ,B
8668-KNZTI,B
0480-KYJVA,A
9746-YKGXB,B
3926-YZVVX,A
6000-UKLWI,B
6332-FBZRI,B
2096-XOTMO,A
3266-FTKHB,A
8221-EQDGL,B
2346-LOCWC,A
0298-XACET,B
7560-QJAVJ,B
2995-YWTCD,A
9137-UIYPG,A
2809-ZMYOQ,A
5084-OOVCJ,A
0254-WWRKD,A
7727-SHVZV,B
5339-PXDVH,A
2205-LPVGL,B
8782-NUUOL,A
7601-WFVZV,B
4609-KNNWG,B
4868-AADLV,A
9529-OFXHY,A
2669-QVCRG,A
2478-EEWWM,A
9174-IHETN,A
2233-TXSIU,B
9644-UMGQA,A
3256-EZDBI,B
0419-YAAPX,A
0872-CASZJ,A
4726-DLWQN,A
8164-OCKUJ,B
3094-JOJAI,B
9494-MRNYX,A
2599-CZABP,A
7945-PRBVF,A
4544-RXFMG,B
0859-YGKFW,A
1150-FTQGN,A
7196-LIWRH,A
5448-VWNAM,B
1177-XZBJL,B
3518-FSTWG,B
9330-VOFSZ,B
0939-EREMR,A
9389-ACWBI,B
3644-QXEHN,B
2911-IJORQ,A
5921-NGYRH,A
5998-DZLYR,B
3985-HOYPM,B
9548-LERKT,B
6576-FBXOJ,A
4310-KEDTB,B
4062-HBMOS,B
2676-ISHSF,B
9236-NDUCW,A
4753-PADAS,B
6103-QCKFX,B
7781-EWARA,B
7018-FPXHH,B
0572-ZJKLT,A
5135-RDDQL,B
1353-LJWEM,B
1794-SWWKL,A
6166-YIPFO,A
9332-GYWLO,B
4184-VODJZ,B
1092-WPIVQ,A
7233-IOQNP,A
2834-JKOOW,A
2400-FEQME,B
4957-SREEC,A
0230-UBYPQ,B
4923-ADWXJ,B
1763-KUAAW,B
1104-TNLZA,A
5195-KPUNQ,A
3439-GVUSX,A
5949-HGVJL,B
5203-XEHAX,B
1635-HDGFT,B
8050-XGRVL,B
9828-QHFBK,B
3908-MKIMJ,A
5012-YSPJJ,B
6728-VOIFY,B
4891-NLUBA,A
8969-PRHFK,B
0661-KQHNK,A
8709-KRDVL,B
1427-VERSM,B
9801-NOSHQ,B
6339-YPSAH,B
2159-TURXX,B
1548-FEHVL,B
3795-CAWEX,B
6215-NQCPY,A
5647-URDKA,A
2229-DPMBI,B
9626-WEQRM,A
2188-SXWVT,A
6258-PVZWJ,B
1094-BKOSX,A
6969-MVBAI,B
2978-XXSOG,B
2342-CKIAO,A
6953-PBDIN,B
3898-BSJYF,A
3938-YFPXD,A
7696-AMHOD,B
2453-SAFNS,A
9558-IHEZX,A
9617-UDPEU,B
6340-DACFT,B
4955-VCWBI,A
6813-GZQCG,B
7426-GSWPO,A
3389-KTRXV,A
3118-UHVVQ,B
3205-MXZRA,B
8317-BVKSO,B
5702-KVQRD,B
0083-PIVIK,A
6169-PGNCD,A
4909-JOUPP,A
4657-FWVFY,B
2257-BOVXD,A
7729-JTEEC,A
9696-RMYBA,B
8690-UPCZI,A
9770-LXDBK,B
4086-WITJG,A
8344-WFMFH,B
8822-KNBHV,A
8404-FYDIB,A
2791-SFVEW,A
6762-NSODU,B
9888-ZCUMM,B
1074-WVEVG,B
9979-RGMZT,B
6437-UDQJM,B
1226-IENZN,A
2108-GLPQB,A
5474-LAMUQ,A
3468-DRVQJ,B
1122-YJBCS,A
4990-ALDGW,A
4816-OKWNX,B
3315-IKYZQ,B
4747-LCAQL,B
3411-WLRSQ,B
0898-XCGTF,B
8006-PYCSW,A
8249-THVEC,B
8722-PRFDV,B
2164-SOQXL,A
4020-KIUDI,B
5850-BDWCY,A
2038-YSEZE,B
0827-ITJPH,A
8799-OXZMD,B
1705-GUHPV,B
4779-ZGICK,B
0048-PIHNL,B
3967-KXAPS,B
3704-IEAXF,B
6810-VCAEX,A
0674-EYYZV,B
4480-MBMLB,A
1395-OFUWC,A
0822-QGCXA,A
2832-KJCRD,B
3588-WSTTJ,A
5090-EMGTC,B
2346-CZYIL,B
3798-EPWRR,A
6258-NGCNG,A
4186-ZBUEW,B
5274-XHAKY,A
1442-BQPVU,B
3978-YNKDD,A
4940-KHCWD,B
9589-ABEPT,B
9388-ZEYVT,A
0305-SQECB,A
7605-SNLQG,A
4670-TABXH,A
0064-SUDOG,A
8561-NMTBD,B
5161-XEUVX,B
8292-FRFZQ,B
8591-NXRCV,A
7895-VONWT,A
4526-RMTLL,B
6253-GNHWH,B
4566-NECEV,B
8080-POTJR,A
6906-MPARY,A
3662-FXJFO,A
8107-RZLNV,B
0516-OOHAR,B
2027-CWDNU,B
9912-OMZDS,A
3733-ZEECP,A
7878-RTCZG,A
2452-MRMZF,A
7103-IPXPJ,A
4342-HFXWS,A
3545-CNWRG,B
1785-BPHTP,A
4989-LIXVT,B
7315-WYOAW,A
1173-XZPYF,A
2509-TFPJU,A
9530-GRMJG,B
6898-RBTLU,B
5481-NTDOH,B
2068-WWXQZ,B
2061-VVFST,B
0749-IRGQE,B
2380-DAMQP,A
2256-YLYLP,B
1272-ILHFG,A
0164-XAIRP,A
5666-CYCYZ,A
4011-ARPHK,A
6365-HITVU,B
7558-IMLMT,A
9488-FYQAU,A
3590-TCXTB,B
6994-KERXL,B
1960-UOTYM,A
2740-JFBOK,B
6500-JVEGC,A
5245-VDBUR,B
8469-SNFFH,B
2144-ESWKO,A
1241-FPMOF,B
9928-BZVLZ,B
4114-QMKVN,A
9003-CPATH,B
1754-GKYPY,B
7956-XQWGU,A
1591-MQJTP,A
2369-FEVNO,B
7471-MQPOS,B
5115-SQAAU,B
9845-QOMAD,A
7672-VFMXZ,B
9739-JLPQJ,B
9916-AYHTC,A
3855-ONCAR,B
1488-SYSFC,B
0970-QXPXW,B
3259-KNMRR,A
6120-RJKLU,B
9572-WUKSB,B
5893-KCLGT,B
0076-LVEPS,B
3640-JQGJG,A
1596-OQSPS,B
9867-XOBQA,A
9546-KDTRB,B
3174-RKMOW,A
1760-CAZHT,B
8441-SHIPE,A
1320-GVNHT,A
1047-RNXZV,A
3541-ZNUHK,B
8725-JEDFD,A
7562-UXTPG,A
8071-SBTRN,A
6668-CNMFP,B
5626-MGTUK,A
5681-LLOEI,B
8212-DJRCH,B
4323-OHFOW,A
4933-BSAIP,B
2030-BTZRO,B
1116-DXXDF,A
6563-VNPMN,A
2267-WTPYD,B
0270-THENM,B
4707-MAXGU,B
2710-WYVXG,A
6300-BWMJX,A
7009-LGECI,A
5022-KVDQT,A
7976-CICYS,A
1036-GUDCL,B
2005-DWQZJ,A
8148-WOCMK,B
7815-PDTHL,A
9173-IVZVP,A
9129-UXERG,A
3635-JBPSG,A
7964-ZRKKG,B
6229-LSCKB,A
1724-IQWNM,B
8217-QYOHV,A
5546-QUERU,B
6897-UUBNU,B
6127-IYJOZ,A
8930-XOTDP,B
5916-QEWPT,A
5060-TQUQN,B
0531-XBKMM,B
8465-SBRXP,B
2408-PSJVE,B
9700-ZCLOT,B
8738-JOKAR,B
4534-WGCIR,B
1930-WNXSB,B
3508-CFVZL,A
0657-DOGUM,B
8792-AOROI,B
5146-YYFRZ,B
3452-SRFEG,B
4070-OKWVH,A
5297-MDOIR,B
6369-MCAKO,A
4926-UMJZD,A
6848-HJTXY,B
6341-AEVKX,B
0682-USIXD,B
6976-BWGLQ,A
7078-NVFAM,A
8065-QBYTO,A
2133-TSRRM,B
2511-ALLCS,A
3191-CSNMG,B
7952-OBOYL,B
7470-DYNOE,A
7853-OETYL,B
1545-ACTAS,A
5126-RCXYW,B
2363-BJLSL,A
1956-YIFGE,A
7921-LMDFQ,A
2925-MXLSX,A
5820-PTRYM,B
9609-BENEA,B
6211-WHMYA,B
4459-BBGHE,A
9945-PSVIP,B
9108-EJFJP,B
0530-IJVDB,A
0508-SQWPL,A
2215-ZAFGX,B
8213-TAZPM,B
1304-SEGFY,A
7242-EDTYC,B
2904-GGUAZ,B
5136-GFPMB,A
2595-KIWPV,A
5243-SAOTC,B
9398-MMQTO,A
7619-PLRLP,A
6508-NJYRO,B
4710-NKCAW,A
5306-BVTKJ,A
0357-NVCRI,A
2371-KFUOG,A
0463-ZSDNT,B
6257-DTAYD,A
4616-ULAOA,A
7746-AWNQW,B
5996-EBTKM,B
2758-RNWXS,B
2314-TNDJQ,B
2405-LBMUW,B
3454-JFUBC,A
9039-ZVJDC,B
9013-AQORL,A
2898-MRKPI,A
2750-BJLSB,A
3648-GZPHF,B
2075-RMJIK,B
9588-YRFHY,B
9364-YKUVW,B
5392-AKEMH,B
2451-YMUXS,B
3914-FDRHP,B
3078-ZKNTS,A
1024-KPRBB,A
4690-PKDQG,A
9547-ITEFG,B
1264-FUHCX,B
7789-CRUVC,A
6598-KELSS,A
9972-VAFJJ,B
0422-UXFAP,A
1904-WAJAA,A
5130-YPIRV,B
2843-CQMEG,B
6439-PKTRR,A
5351-QESIO,B
5568-DMXZS,A
8468-FZTOE,A
6633-SYEUS,B
6447-GORXK,A
6967-PEJLL,B
5981-ZVXOT,A
1684-FLBGS,B
1389-WNUIB,A
0376-OIWME,B
0218-QNVAS,A
0804-YGEQV,B
7164-BPTUT,B
2523-EWWZL,B
0928-XUTSN,B
0052-YNYOT,A
9586-JGQKH,B
4501-VCPFK,A
6075-SLNIL,A
9347-AERRL,B
2274-XUATA,B
6691-CCIHA,A
1685-BQULA,A
9053-EJUNL,A
0666-UXTJO,B
1471-GIQKQ,A
4807-IZYOZ,B
9710-NJERN,B
9837-FWLCH,B
7203-OYKCT,B
1035-IPQPU,B
7398-LXGYX,B
2823-LKABH,B
0550-DCXLH,A
9281-CEDRU,A
2235-DWLJU,A
0871-OPBXW,A
3605-JISKB,B
9767-FFLEM,B
8456-QDAVC,A
7750-EYXWZ,A
2569-WGERO,A
6840-RESVB,B
2234-XADUH,A
4801-JZAZL,A
3186-AJIEK,B
